{"stats":{"minecraft:broken":{"minecraft:wooden_pickaxe":1,"minecraft:stone_pickaxe":1,"minecraft:stone_axe":1},"minecraft:mined":{"minecraft:diamond_ore":1,"minecraft:tuff":50,"minecraft:white_bed":5,"minecraft:deepslate_diamond_ore":144,"minecraft:obsidian":14,"minecraft:granite":2,"minecraft:acacia_log":14,"minecraft:grass_block":121,"minecraft:spruce_leaves":12,"minecraft:hay_block":36,"minecraft:redstone_ore":14,"minecraft:furnace":7,"minecraft:iron_ore":1,"minecraft:cobbled_deepslate":2,"minecraft:andesite":12,"minecraft:fletching_table":10,"minecraft:deepslate_lapis_ore":8,"minecraft:enchanting_table":1,"minecraft:deepslate_iron_ore":27,"minecraft:dirt_path":36,"minecraft:rail":19,"minecraft:stone":163,"minecraft:oak_slab":12,"minecraft:dandelion":1,"minecraft:crafting_table":7,"minecraft:short_grass":37,"minecraft:poppy":4,"minecraft:chest":3,"minecraft:dead_bush":1,"minecraft:lectern":99,"minecraft:tall_grass":7,"minecraft:cobblestone":3,"minecraft:deepslate_gold_ore":12,"minecraft:grindstone":3,"minecraft:sugar_cane":100,"minecraft:sculk":1,"minecraft:diorite":29,"minecraft:pink_petals":1,"minecraft:seagrass":1,"minecraft:birch_log":28,"minecraft:spruce_log":56,"minecraft:oak_log":18,"minecraft:coal_ore":51,"minecraft:gravel":108,"minecraft:sand":6,"minecraft:dirt":29,"minecraft:cobweb":1,"minecraft:acacia_planks":4,"minecraft:oak_leaves":2,"minecraft:deepslate":465},"minecraft:killed_by":{"minecraft:zombie":1},"minecraft:custom":{"minecraft:mob_kills":44,"minecraft:interact_with_crafting_table":37,"minecraft:leave_game":3,"minecraft:time_since_death":100492,"minecraft:climb_one_cm":430,"minecraft:sprint_one_cm":290010,"minecraft:walk_one_cm":313091,"minecraft:damage_blocked_by_shield":471,"minecraft:drop":25,"minecraft:talked_to_villager":242,"minecraft:play_time":170722,"minecraft:sneak_time":5775,"minecraft:deaths":1,"minecraft:walk_under_water_one_cm":22424,"minecraft:boat_one_cm":439646,"minecraft:jump":3438,"minecraft:walk_on_water_one_cm":30567,"minecraft:enchant_item":5,"minecraft:total_world_time":170722,"minecraft:interact_with_furnace":13,"minecraft:traded_with_villager":22,"minecraft:sleep_in_bed":7,"minecraft:time_since_rest":10790,"minecraft:damage_taken":2041,"minecraft:damage_dealt":8829,"minecraft:swim_one_cm":50715,"minecraft:fly_one_cm":728170,"minecraft:open_chest":32,"minecraft:crouch_one_cm":16087,"minecraft:fall_one_cm":113488},"minecraft:used":{"minecraft:stone_sword":59,"minecraft:enchanting_table":1,"minecraft:iron_shovel":256,"minecraft:poppy":2,"minecraft:chest":5,"minecraft:shield":8,"minecraft:dirt":168,"minecraft:diamond_helmet":1,"minecraft:diamond_chestplate":1,"minecraft:goat_horn":10,"minecraft:furnace":4,"minecraft:egg":1,"minecraft:cobbled_deepslate":120,"minecraft:acacia_planks":4,"minecraft:acacia_boat":15,"minecraft:water_bucket":40,"minecraft:diamond_boots":1,"minecraft:stone_pickaxe":131,"minecraft:wooden_pickaxe":59,"minecraft:diamond_axe":118,"minecraft:fletching_table":12,"minecraft:sugar_cane":14,"minecraft:sand":6,"minecraft:oak_slab":44,"minecraft:crafting_table":9,"minecraft:white_bed":5,"minecraft:diamond_pickaxe":647,"minecraft:bread":51,"minecraft:iron_pickaxe":193,"minecraft:lectern":101,"minecraft:gravel":13,"minecraft:stone_axe":232,"minecraft:diamond_sword":121,"minecraft:cobblestone":20,"minecraft:grindstone":1,"minecraft:bucket":41,"minecraft:oak_boat":2,"minecraft:diamond_leggings":1},"minecraft:crafted":{"minecraft:oak_planks":72,"minecraft:smooth_stone":16,"minecraft:stone":16,"minecraft:bookshelf":3,"minecraft:diamond_block":12,"minecraft:diamond_helmet":1,"minecraft:diamond_leggings":1,"minecraft:stone_pickaxe":1,"minecraft:chest":2,"minecraft:diamond_boots":1,"minecraft:wheat":324,"minecraft:oak_slab":48,"minecraft:diamond_sword":1,"minecraft:emerald":20,"minecraft:diamond_axe":1,"minecraft:crafting_table":3,"minecraft:spruce_planks":216,"minecraft:enchanting_table":1,"minecraft:wooden_pickaxe":1,"minecraft:fletching_table":2,"minecraft:birch_planks":112,"minecraft:bucket":1,"minecraft:stone_axe":1,"minecraft:bread":108,"minecraft:acacia_boat":2,"minecraft:air":0,"minecraft:oak_boat":1,"minecraft:lectern":3,"minecraft:book":7,"minecraft:paper":75,"minecraft:diamond_pickaxe":1,"minecraft:shield":1,"minecraft:stick":712,"minecraft:flint":10,"minecraft:iron_ingot":27,"minecraft:iron_pickaxe":1,"minecraft:stone_sword":1,"minecraft:iron_shovel":1,"minecraft:acacia_planks":56,"minecraft:diamond_chestplate":1},"minecraft:dropped":{"minecraft:bread":5,"minecraft:acacia_boat":2,"minecraft:iron_helmet":1,"minecraft:cobblestone":64,"minecraft:granite":2,"minecraft:activator_rail":4,"minecraft:stick":4,"minecraft:flint":3,"minecraft:iron_pickaxe":1,"minecraft:acacia_planks":1,"minecraft:dandelion":1,"minecraft:bone":4,"minecraft:gravel":64,"minecraft:stone_sword":1,"minecraft:cobbled_deepslate":64,"minecraft:tuff":49,"minecraft:rotten_flesh":4,"minecraft:grindstone":2,"minecraft:oak_planks":3,"minecraft:iron_boots":1,"minecraft:diamond_sword":1,"minecraft:poppy":1,"minecraft:stone_pickaxe":1},"minecraft:picked_up":{"minecraft:crafting_table":7,"minecraft:diamond_sword":2,"minecraft:shield":1,"minecraft:activator_rail":4,"minecraft:diamond_leggings":1,"minecraft:cobbled_deepslate":625,"minecraft:beef":42,"minecraft:oak_boat":1,"minecraft:poppy":5,"minecraft:iron_pickaxe":2,"minecraft:lectern":99,"minecraft:sugar_cane":330,"minecraft:chest":3,"minecraft:furnace":10,"minecraft:egg":2,"minecraft:stick":6,"minecraft:raw_iron":55,"minecraft:acacia_log":14,"minecraft:redstone":127,"minecraft:rotten_flesh":9,"minecraft:arrow":12,"minecraft:diamond_chestplate":1,"minecraft:diamond_boots":1,"minecraft:hay_block":36,"minecraft:obsidian":28,"minecraft:rail":42,"minecraft:cobblestone":228,"minecraft:birch_log":28,"minecraft:enchanting_table":1,"minecraft:water_bucket":1,"minecraft:leather":24,"minecraft:flint":10,"minecraft:tuff":49,"minecraft:oak_log":18,"minecraft:gunpowder":4,"minecraft:acacia_boat":17,"minecraft:lapis_lazuli":116,"minecraft:dirt":184,"minecraft:bone":8,"minecraft:acacia_planks":35,"minecraft:apple":1,"minecraft:raw_gold":24,"minecraft:rabbit_hide":1,"minecraft:stone_pickaxe":1,"minecraft:grindstone":7,"minecraft:iron_ingot":4,"minecraft:diamond_helmet":1,"minecraft:fletching_table":10,"minecraft:rabbit":1,"minecraft:oak_slab":12,"minecraft:dandelion":1,"minecraft:gravel":165,"minecraft:sand":6,"minecraft:spruce_sapling":2,"minecraft:white_bed":6,"minecraft:spruce_log":54,"minecraft:sugar":5,"minecraft:diamond":261,"minecraft:stone_axe":1,"minecraft:granite":2,"minecraft:golden_apple":1,"minecraft:bread":34,"minecraft:coal":67,"minecraft:diamond_pickaxe":1},"minecraft:killed":{"minecraft:witch":1,"minecraft:spider":3,"minecraft:skeleton":9,"minecraft:iron_golem":1,"minecraft:rabbit":1,"minecraft:pillager":8,"minecraft:zombie":10,"minecraft:cow":10}},"DataVersion":3953}