{"stats":{"minecraft:broken":{"minecraft:iron_shovel":1,"minecraft:stone_pickaxe":1,"minecraft:stone_axe":1,"minecraft:wooden_pickaxe":1},"minecraft:mined":{"minecraft:dark_oak_planks":58,"minecraft:spruce_planks":6,"minecraft:white_bed":21,"minecraft:obsidian":25,"minecraft:granite":2,"minecraft:acacia_log":14,"minecraft:grass_block":350,"minecraft:yellow_carpet":3,"minecraft:soul_soil":16,"minecraft:composter":15,"minecraft:glowstone":18,"minecraft:iron_ore":1,"minecraft:cobbled_deepslate":2,"minecraft:fire":10,"minecraft:fletching_table":10,"minecraft:deepslate_lapis_ore":8,"minecraft:azure_bluet":1,"minecraft:enchanting_table":1,"minecraft:dirt_path":71,"minecraft:spruce_slab":16,"minecraft:soul_fire":4,"minecraft:poppy":10,"minecraft:chest":4,"minecraft:dead_bush":1,"minecraft:glass":20,"minecraft:nether_quartz_ore":150,"minecraft:cobblestone":35,"minecraft:grindstone":3,"minecraft:sugar_cane":151,"minecraft:oak_planks":4,"minecraft:pink_petals":1,"minecraft:seagrass":1,"minecraft:dark_oak_slab":5,"minecraft:birch_log":170,"minecraft:oak_log":24,"minecraft:sand":800,"minecraft:dirt":103,"minecraft:netherrack":2549,"minecraft:ancient_debris":4,"minecraft:oak_leaves":4,"minecraft:deepslate":465,"minecraft:nether_gold_ore":23,"minecraft:diamond_ore":1,"minecraft:tuff":50,"minecraft:mossy_cobblestone":2,"minecraft:dark_oak_leaves":18,"minecraft:deepslate_diamond_ore":144,"minecraft:dark_oak_log":307,"minecraft:spruce_leaves":103,"minecraft:large_fern":3,"minecraft:hay_block":36,"minecraft:redstone_ore":14,"minecraft:furnace":7,"minecraft:carrots":13,"minecraft:andesite":13,"minecraft:deepslate_iron_ore":27,"minecraft:rail":19,"minecraft:stone":227,"minecraft:bone_block":5,"minecraft:oak_slab":13,"minecraft:soul_sand":22,"minecraft:dandelion":10,"minecraft:crafting_table":9,"minecraft:short_grass":141,"minecraft:lectern":198,"minecraft:tall_grass":48,"minecraft:deepslate_gold_ore":12,"minecraft:sculk":1,"minecraft:diorite":29,"minecraft:cobblestone_wall":1,"minecraft:dark_oak_wall_sign":3,"minecraft:spruce_log":345,"minecraft:birch_leaves":26,"minecraft:yellow_bed":2,"minecraft:coal_ore":104,"minecraft:gravel":143,"minecraft:cobweb":1,"minecraft:acacia_planks":4,"minecraft:fern":1},"minecraft:killed_by":{"minecraft:creeper":1,"minecraft:zombie":1},"minecraft:custom":{"minecraft:interact_with_crafting_table":94,"minecraft:leave_game":12,"minecraft:time_since_death":119405,"minecraft:sprint_one_cm":877806,"minecraft:damage_blocked_by_shield":1529,"minecraft:drop":59,"minecraft:talked_to_villager":504,"minecraft:play_time":481991,"minecraft:deaths":3,"minecraft:jump":10461,"minecraft:walk_on_water_one_cm":41179,"minecraft:enchant_item":5,"minecraft:interact_with_furnace":74,"minecraft:traded_with_villager":202,"minecraft:sleep_in_bed":23,"minecraft:damage_dealt":28059,"minecraft:crouch_one_cm":84022,"minecraft:mob_kills":131,"minecraft:interact_with_anvil":8,"minecraft:climb_one_cm":7857,"minecraft:walk_one_cm":1002458,"minecraft:sneak_time":22688,"minecraft:walk_under_water_one_cm":27672,"minecraft:boat_one_cm":466330,"minecraft:total_world_time":481991,"minecraft:time_since_rest":10690,"minecraft:damage_taken":6690,"minecraft:swim_one_cm":69277,"minecraft:fly_one_cm":2278039,"minecraft:open_chest":152,"minecraft:fall_one_cm":311881},"minecraft:used":{"minecraft:iron_shovel":261,"minecraft:spruce_slab":29,"minecraft:ladder":59,"minecraft:diamond_hoe":107,"minecraft:poppy":6,"minecraft:chest":10,"minecraft:shield":26,"minecraft:stone":49,"minecraft:rotten_flesh":4,"minecraft:carrot":67,"minecraft:obsidian":11,"minecraft:glass":245,"minecraft:coal_ore":3,"minecraft:dark_oak_slab":10,"minecraft:dark_oak_boat":2,"minecraft:furnace":4,"minecraft:egg":3,"minecraft:diamond_boots":3,"minecraft:dark_oak_sign":5,"minecraft:stone_pickaxe":131,"minecraft:oak_planks":2,"minecraft:wooden_pickaxe":59,"minecraft:composter":15,"minecraft:diamond_axe":1339,"minecraft:sugar_cane":19,"minecraft:dark_oak_trapdoor":3,"minecraft:sand":8,"minecraft:bread":117,"minecraft:string":1,"minecraft:lectern":204,"minecraft:gravel":26,"minecraft:diamond_sword":460,"minecraft:grindstone":3,"minecraft:andesite":1,"minecraft:oak_boat":2,"minecraft:bone_meal":30,"minecraft:enchanting_table":1,"minecraft:stone_sword":59,"minecraft:flint_and_steel":15,"minecraft:spruce_planks":7,"minecraft:netherrack":342,"minecraft:dirt":521,"minecraft:anvil":1,"minecraft:cobblestone_wall":2,"minecraft:diamond_helmet":2,"minecraft:yellow_carpet":3,"minecraft:dark_oak_planks":76,"minecraft:diamond_chestplate":1,"minecraft:glowstone":2,"minecraft:goat_horn":10,"minecraft:cooked_beef":12,"minecraft:acacia_planks":4,"minecraft:cobbled_deepslate":120,"minecraft:acacia_boat":23,"minecraft:water_bucket":53,"minecraft:baked_potato":1,"minecraft:fletching_table":12,"minecraft:mossy_cobblestone":1,"minecraft:oak_slab":45,"minecraft:crafting_table":11,"minecraft:white_bed":14,"minecraft:diamond_pickaxe":3586,"minecraft:apple":5,"minecraft:diamond_shovel":1177,"minecraft:iron_pickaxe":193,"minecraft:spruce_sapling":18,"minecraft:stone_axe":232,"minecraft:cobblestone":467,"minecraft:cooked_porkchop":10,"minecraft:bucket":53,"minecraft:yellow_bed":1,"minecraft:dandelion":1,"minecraft:diamond_leggings":2},"minecraft:crafted":{"minecraft:oak_planks":72,"minecraft:smooth_stone":16,"minecraft:dark_oak_boat":1,"minecraft:stone":16,"minecraft:diamond_shovel":1,"minecraft:bookshelf":7,"minecraft:glass":354,"minecraft:diamond_helmet":1,"minecraft:diamond_leggings":1,"minecraft:chest":8,"minecraft:oak_slab":48,"minecraft:emerald":191,"minecraft:diamond_axe":1,"minecraft:crafting_table":4,"minecraft:spruce_planks":1348,"minecraft:wooden_pickaxe":1,"minecraft:fletching_table":2,"minecraft:birch_planks":668,"minecraft:lectern":7,"minecraft:dark_oak_slab":42,"minecraft:book":12,"minecraft:paper":156,"minecraft:diamond_pickaxe":3,"minecraft:shield":1,"minecraft:stick":6096,"minecraft:iron_ingot":28,"minecraft:iron_pickaxe":1,"minecraft:iron_block":3,"minecraft:stone_sword":1,"minecraft:composter":1,"minecraft:shears":1,"minecraft:diamond_hoe":1,"minecraft:dark_oak_trapdoor":4,"minecraft:dark_oak_sign":3,"minecraft:bone_meal":75,"minecraft:diamond_block":12,"minecraft:flint_and_steel":1,"minecraft:diamond":9,"minecraft:ladder":78,"minecraft:spruce_slab":24,"minecraft:stone_pickaxe":1,"minecraft:cobblestone_wall":6,"minecraft:diamond_boots":1,"minecraft:dark_oak_planks":1228,"minecraft:wheat":324,"minecraft:cooked_beef":21,"minecraft:diamond_sword":1,"minecraft:enchanting_table":1,"minecraft:bucket":1,"minecraft:stone_axe":1,"minecraft:enchanted_book":5,"minecraft:acacia_boat":2,"minecraft:bread":108,"minecraft:air":0,"minecraft:oak_boat":1,"minecraft:flint":10,"minecraft:wooden_axe":1,"minecraft:iron_shovel":1,"minecraft:anvil":1,"minecraft:white_bed":3,"minecraft:acacia_planks":56,"minecraft:diamond_chestplate":1},"minecraft:dropped":{"minecraft:acacia_boat":2,"minecraft:emerald":1,"minecraft:flint":4,"minecraft:iron_pickaxe":1,"minecraft:bone":4,"minecraft:gravel":64,"minecraft:cobbled_deepslate":64,"minecraft:birch_sapling":2,"minecraft:rotten_flesh":9,"minecraft:grindstone":2,"minecraft:oak_planks":3,"minecraft:poppy":2,"minecraft:arrow":4,"minecraft:netherrack":972,"minecraft:water_bucket":1,"minecraft:bread":6,"minecraft:wheat_seeds":2,"minecraft:iron_helmet":1,"minecraft:cobblestone":64,"minecraft:granite":2,"minecraft:activator_rail":4,"minecraft:stick":4,"minecraft:string":1,"minecraft:acacia_planks":1,"minecraft:dandelion":1,"minecraft:stone_sword":1,"minecraft:dark_oak_sign":1,"minecraft:tuff":49,"minecraft:iron_boots":1,"minecraft:diamond_sword":1,"minecraft:stone":7,"minecraft:shield":1,"minecraft:diamond_pickaxe":1,"minecraft:stone_pickaxe":1},"minecraft:picked_up":{"minecraft:diamond_sword":4,"minecraft:string":4,"minecraft:soul_soil":15,"minecraft:activator_rail":4,"minecraft:diamond_leggings":3,"minecraft:gold_nugget":61,"minecraft:cobbled_deepslate":625,"minecraft:spruce_planks":6,"minecraft:iron_pickaxe":4,"minecraft:furnace":10,"minecraft:stick":21,"minecraft:composter":15,"minecraft:acacia_log":14,"minecraft:golden_chestplate":1,"minecraft:nether_gold_ore":18,"minecraft:rotten_flesh":66,"minecraft:glowstone":14,"minecraft:obsidian":53,"minecraft:cobblestone":267,"minecraft:enchanting_table":1,"minecraft:birch_log":167,"minecraft:cooked_beef":13,"minecraft:water_bucket":4,"minecraft:andesite":1,"minecraft:dark_oak_boat":2,"minecraft:flint":25,"minecraft:tuff":49,"minecraft:acacia_boat":26,"minecraft:lapis_lazuli":116,"minecraft:dirt":609,"minecraft:glass":15,"minecraft:bone":19,"minecraft:acacia_planks":35,"minecraft:bow":1,"minecraft:wheat_seeds":24,"minecraft:raw_gold":24,"minecraft:grindstone":7,"minecraft:dark_oak_sign":4,"minecraft:rabbit":1,"minecraft:diamond_helmet":3,"minecraft:fletching_table":10,"minecraft:glowstone_dust":6,"minecraft:oak_planks":4,"minecraft:ghast_tear":1,"minecraft:cooked_porkchop":10,"minecraft:sand":835,"minecraft:dark_oak_log":307,"minecraft:mossy_cobblestone":2,"minecraft:sugar":5,"minecraft:yellow_carpet":3,"minecraft:diamond":261,"minecraft:granite":2,"minecraft:golden_apple":1,"minecraft:emerald":21,"minecraft:bread":83,"minecraft:netherrack":2637,"minecraft:diamond_pickaxe":4,"minecraft:crafting_table":8,"minecraft:azure_bluet":4,"minecraft:shield":3,"minecraft:flint_and_steel":3,"minecraft:beef":42,"minecraft:oak_boat":1,"minecraft:poppy":30,"minecraft:spruce_slab":17,"minecraft:lectern":199,"minecraft:sugar_cane":422,"minecraft:chest":4,"minecraft:birch_sapling":2,"minecraft:diamond_hoe":1,"minecraft:egg":4,"minecraft:dark_oak_sapling":2,"minecraft:raw_iron":55,"minecraft:stone":63,"minecraft:carrot":47,"minecraft:redstone":131,"minecraft:dark_oak_planks":170,"minecraft:arrow":30,"minecraft:diamond_chestplate":3,"minecraft:diamond_boots":3,"minecraft:hay_block":36,"minecraft:bone_block":5,"minecraft:rail":42,"minecraft:white_wool":10,"minecraft:leather":24,"minecraft:oak_log":24,"minecraft:ancient_debris":4,"minecraft:yellow_bed":2,"minecraft:gunpowder":18,"minecraft:cobblestone_wall":1,"minecraft:apple":2,"minecraft:rabbit_hide":1,"minecraft:iron_ingot":33,"minecraft:stone_pickaxe":1,"minecraft:glass_bottle":1,"minecraft:soul_sand":21,"minecraft:iron_sword":1,"minecraft:oak_slab":13,"minecraft:dark_oak_slab":5,"minecraft:nether_quartz_ore":8,"minecraft:quartz":286,"minecraft:dandelion":22,"minecraft:gravel":199,"minecraft:spruce_sapling":20,"minecraft:white_bed":21,"minecraft:spruce_log":337,"minecraft:spider_eye":1,"minecraft:diamond_shovel":2,"minecraft:coal_ore":3,"minecraft:stone_axe":1,"minecraft:diamond_axe":2,"minecraft:baked_potato":1,"minecraft:coal":181},"minecraft:killed":{"minecraft:witch":2,"minecraft:spider":7,"minecraft:skeleton":23,"minecraft:pig":4,"minecraft:zombie_villager":1,"minecraft:iron_golem":6,"minecraft:creeper":9,"minecraft:pillager":8,"minecraft:zombie":57,"minecraft:ghast":1,"minecraft:cow":10,"minecraft:rabbit":1}},"DataVersion":3953}