{"stats":{"minecraft:broken":{"minecraft:iron_shovel":1,"minecraft:stone_pickaxe":1,"minecraft:stone_axe":1,"minecraft:wooden_pickaxe":1},"minecraft:mined":{"minecraft:dark_oak_planks":60,"minecraft:spruce_planks":6,"minecraft:white_bed":22,"minecraft:farmland":1,"minecraft:obsidian":25,"minecraft:granite":2,"minecraft:acacia_log":14,"minecraft:grass_block":375,"minecraft:yellow_carpet":3,"minecraft:soul_soil":16,"minecraft:composter":17,"minecraft:glowstone":18,"minecraft:iron_ore":1,"minecraft:cobbled_deepslate":2,"minecraft:fire":10,"minecraft:fletching_table":11,"minecraft:deepslate_lapis_ore":8,"minecraft:azure_bluet":1,"minecraft:enchanting_table":1,"minecraft:dirt_path":71,"minecraft:oak_stairs":3,"minecraft:spruce_slab":16,"minecraft:soul_fire":4,"minecraft:poppy":10,"minecraft:chest":4,"minecraft:dead_bush":1,"minecraft:glass":21,"minecraft:nether_quartz_ore":150,"minecraft:cobblestone":36,"minecraft:grindstone":3,"minecraft:sugar_cane":190,"minecraft:oak_planks":5,"minecraft:pink_petals":1,"minecraft:seagrass":1,"minecraft:dark_oak_slab":11,"minecraft:birch_log":170,"minecraft:oak_log":24,"minecraft:sand":801,"minecraft:dirt":119,"minecraft:netherrack":2605,"minecraft:ancient_debris":4,"minecraft:oak_leaves":15,"minecraft:deepslate":465,"minecraft:nether_gold_ore":23,"minecraft:diamond_ore":1,"minecraft:tuff":50,"minecraft:mossy_cobblestone":2,"minecraft:dark_oak_leaves":264,"minecraft:deepslate_diamond_ore":144,"minecraft:dark_oak_log":1306,"minecraft:spruce_leaves":103,"minecraft:large_fern":3,"minecraft:hay_block":36,"minecraft:redstone_ore":14,"minecraft:furnace":7,"minecraft:carrots":70,"minecraft:andesite":13,"minecraft:bookshelf":1,"minecraft:deepslate_iron_ore":27,"minecraft:rail":19,"minecraft:stone":227,"minecraft:bone_block":5,"minecraft:oak_slab":13,"minecraft:soul_sand":25,"minecraft:dandelion":10,"minecraft:crafting_table":9,"minecraft:short_grass":147,"minecraft:lectern":284,"minecraft:tall_grass":50,"minecraft:deepslate_gold_ore":12,"minecraft:sculk":1,"minecraft:diorite":29,"minecraft:cobblestone_wall":1,"minecraft:dark_oak_wall_sign":3,"minecraft:spruce_log":352,"minecraft:birch_leaves":27,"minecraft:yellow_bed":10,"minecraft:coal_ore":104,"minecraft:gravel":143,"minecraft:cobweb":1,"minecraft:acacia_planks":4,"minecraft:fern":1},"minecraft:killed_by":{"minecraft:creeper":1,"minecraft:zombie":1},"minecraft:custom":{"minecraft:interact_with_crafting_table":124,"minecraft:leave_game":14,"minecraft:time_since_death":191970,"minecraft:sprint_one_cm":1047190,"minecraft:damage_blocked_by_shield":1529,"minecraft:drop":122,"minecraft:talked_to_villager":648,"minecraft:play_time":554556,"minecraft:deaths":3,"minecraft:jump":11946,"minecraft:walk_on_water_one_cm":42232,"minecraft:enchant_item":5,"minecraft:interact_with_furnace":74,"minecraft:traded_with_villager":469,"minecraft:sleep_in_bed":28,"minecraft:damage_dealt":30080,"minecraft:crouch_one_cm":90826,"minecraft:mob_kills":143,"minecraft:interact_with_anvil":14,"minecraft:climb_one_cm":7938,"minecraft:walk_one_cm":1165645,"minecraft:sneak_time":24781,"minecraft:walk_under_water_one_cm":27672,"minecraft:boat_one_cm":474180,"minecraft:total_world_time":554556,"minecraft:time_since_rest":11580,"minecraft:damage_taken":7067,"minecraft:swim_one_cm":69277,"minecraft:fly_one_cm":2639180,"minecraft:open_chest":207,"minecraft:fall_one_cm":347828},"minecraft:used":{"minecraft:iron_shovel":261,"minecraft:spruce_slab":29,"minecraft:diamond_hoe":371,"minecraft:poppy":6,"minecraft:ladder":59,"minecraft:chest":10,"minecraft:shield":26,"minecraft:stone":49,"minecraft:rotten_flesh":4,"minecraft:soul_sand":3,"minecraft:carrot":132,"minecraft:obsidian":11,"minecraft:glass":246,"minecraft:coal_ore":3,"minecraft:dark_oak_slab":24,"minecraft:dark_oak_boat":9,"minecraft:furnace":4,"minecraft:egg":3,"minecraft:dark_oak_sapling":52,"minecraft:diamond_boots":3,"minecraft:stone_pickaxe":131,"minecraft:dark_oak_sign":5,"minecraft:oak_planks":3,"minecraft:wooden_pickaxe":59,"minecraft:composter":16,"minecraft:diamond_axe":2496,"minecraft:sugar_cane":19,"minecraft:dark_oak_trapdoor":3,"minecraft:sand":9,"minecraft:bread":117,"minecraft:string":1,"minecraft:lectern":291,"minecraft:gravel":26,"minecraft:diamond_sword":495,"minecraft:grindstone":3,"minecraft:andesite":1,"minecraft:oak_boat":2,"minecraft:bone_meal":75,"minecraft:enchanting_table":1,"minecraft:stone_sword":59,"minecraft:flint_and_steel":17,"minecraft:spruce_planks":7,"minecraft:netherrack":345,"minecraft:dirt":671,"minecraft:anvil":1,"minecraft:cobblestone_wall":2,"minecraft:diamond_helmet":2,"minecraft:yellow_carpet":3,"minecraft:dark_oak_planks":78,"minecraft:bookshelf":1,"minecraft:oak_stairs":2,"minecraft:diamond_chestplate":1,"minecraft:glowstone":2,"minecraft:goat_horn":10,"minecraft:cooked_beef":22,"minecraft:acacia_planks":4,"minecraft:cobbled_deepslate":120,"minecraft:acacia_boat":23,"minecraft:water_bucket":53,"minecraft:baked_potato":1,"minecraft:fletching_table":14,"minecraft:mossy_cobblestone":1,"minecraft:oak_slab":45,"minecraft:tnt":2,"minecraft:crafting_table":11,"minecraft:white_bed":15,"minecraft:oak_log":6,"minecraft:diamond_pickaxe":3644,"minecraft:apple":6,"minecraft:diamond_shovel":1222,"minecraft:iron_pickaxe":193,"minecraft:spruce_sapling":18,"minecraft:stone_axe":232,"minecraft:cobblestone":468,"minecraft:cooked_porkchop":10,"minecraft:bucket":53,"minecraft:yellow_bed":7,"minecraft:dandelion":1,"minecraft:diamond_leggings":2},"minecraft:crafted":{"minecraft:oak_planks":72,"minecraft:smooth_stone":16,"minecraft:dark_oak_boat":2,"minecraft:stone":16,"minecraft:diamond_shovel":1,"minecraft:bookshelf":8,"minecraft:glass":354,"minecraft:diamond_helmet":1,"minecraft:diamond_leggings":1,"minecraft:chest":8,"minecraft:oak_slab":48,"minecraft:emerald":620,"minecraft:diamond_axe":2,"minecraft:crafting_table":4,"minecraft:spruce_planks":1376,"minecraft:wooden_pickaxe":1,"minecraft:fletching_table":4,"minecraft:birch_planks":668,"minecraft:tnt":2,"minecraft:lectern":7,"minecraft:emerald_block":19,"minecraft:dark_oak_slab":42,"minecraft:book":17,"minecraft:paper":195,"minecraft:diamond_pickaxe":3,"minecraft:shield":1,"minecraft:stick":14131,"minecraft:iron_ingot":28,"minecraft:iron_pickaxe":1,"minecraft:iron_block":3,"minecraft:stone_sword":1,"minecraft:composter":1,"minecraft:shears":1,"minecraft:diamond_hoe":1,"minecraft:dark_oak_trapdoor":4,"minecraft:dark_oak_sign":3,"minecraft:bone_meal":75,"minecraft:diamond_block":12,"minecraft:flint_and_steel":1,"minecraft:diamond":9,"minecraft:ladder":78,"minecraft:spruce_slab":24,"minecraft:stone_pickaxe":1,"minecraft:cobblestone_wall":6,"minecraft:diamond_boots":1,"minecraft:dark_oak_planks":5199,"minecraft:wheat":324,"minecraft:cooked_beef":21,"minecraft:diamond_sword":1,"minecraft:enchanting_table":1,"minecraft:bucket":1,"minecraft:stone_axe":1,"minecraft:enchanted_book":13,"minecraft:acacia_boat":2,"minecraft:bread":108,"minecraft:air":0,"minecraft:oak_boat":1,"minecraft:flint":10,"minecraft:wooden_axe":1,"minecraft:iron_shovel":1,"minecraft:anvil":1,"minecraft:white_bed":3,"minecraft:acacia_planks":56,"minecraft:diamond_chestplate":1},"minecraft:dropped":{"minecraft:acacia_boat":2,"minecraft:flint":4,"minecraft:emerald":1,"minecraft:iron_pickaxe":1,"minecraft:bone":4,"minecraft:gravel":64,"minecraft:cobbled_deepslate":64,"minecraft:birch_sapling":2,"minecraft:rotten_flesh":9,"minecraft:grindstone":2,"minecraft:oak_planks":3,"minecraft:carrot":102,"minecraft:poppy":2,"minecraft:arrow":4,"minecraft:netherrack":1028,"minecraft:lectern":3,"minecraft:water_bucket":1,"minecraft:bread":6,"minecraft:wheat_seeds":6,"minecraft:mossy_cobblestone":1,"minecraft:iron_helmet":1,"minecraft:cobblestone":64,"minecraft:granite":2,"minecraft:activator_rail":4,"minecraft:stick":4,"minecraft:string":1,"minecraft:acacia_planks":1,"minecraft:dandelion":1,"minecraft:stone_sword":1,"minecraft:dark_oak_sign":1,"minecraft:tuff":49,"minecraft:iron_boots":1,"minecraft:diamond_sword":1,"minecraft:stone":7,"minecraft:shield":1,"minecraft:diamond_pickaxe":1,"minecraft:stone_pickaxe":1},"minecraft:picked_up":{"minecraft:diamond_sword":4,"minecraft:oak_stairs":3,"minecraft:string":4,"minecraft:soul_soil":15,"minecraft:activator_rail":4,"minecraft:diamond_leggings":3,"minecraft:gold_nugget":61,"minecraft:cobbled_deepslate":625,"minecraft:spruce_planks":6,"minecraft:iron_pickaxe":4,"minecraft:furnace":10,"minecraft:stick":65,"minecraft:composter":17,"minecraft:acacia_log":14,"minecraft:golden_chestplate":1,"minecraft:nether_gold_ore":18,"minecraft:rotten_flesh":67,"minecraft:glowstone":14,"minecraft:obsidian":53,"minecraft:cobblestone":268,"minecraft:birch_log":167,"minecraft:enchanting_table":1,"minecraft:cooked_beef":13,"minecraft:water_bucket":4,"minecraft:andesite":1,"minecraft:dark_oak_boat":9,"minecraft:flint":25,"minecraft:tuff":49,"minecraft:acacia_boat":26,"minecraft:lapis_lazuli":116,"minecraft:dirt":867,"minecraft:glass":16,"minecraft:bone":21,"minecraft:acacia_planks":35,"minecraft:bow":1,"minecraft:wheat_seeds":34,"minecraft:raw_gold":24,"minecraft:grindstone":7,"minecraft:dark_oak_sign":4,"minecraft:glowstone_dust":6,"minecraft:rabbit":1,"minecraft:fletching_table":11,"minecraft:diamond_helmet":3,"minecraft:oak_planks":5,"minecraft:ghast_tear":1,"minecraft:cooked_porkchop":10,"minecraft:sand":836,"minecraft:dark_oak_log":1300,"minecraft:mossy_cobblestone":3,"minecraft:sugar":5,"minecraft:yellow_carpet":3,"minecraft:diamond":261,"minecraft:granite":2,"minecraft:golden_apple":1,"minecraft:bread":83,"minecraft:emerald":21,"minecraft:netherrack":2693,"minecraft:diamond_pickaxe":4,"minecraft:crafting_table":8,"minecraft:azure_bluet":4,"minecraft:shield":3,"minecraft:flint_and_steel":3,"minecraft:beef":45,"minecraft:oak_boat":1,"minecraft:poppy":31,"minecraft:spruce_slab":17,"minecraft:lectern":288,"minecraft:sugar_cane":496,"minecraft:chest":4,"minecraft:birch_sapling":2,"minecraft:diamond_hoe":1,"minecraft:egg":4,"minecraft:dark_oak_sapling":61,"minecraft:raw_iron":55,"minecraft:stone":63,"minecraft:carrot":214,"minecraft:redstone":131,"minecraft:dark_oak_planks":173,"minecraft:arrow":32,"minecraft:diamond_chestplate":3,"minecraft:diamond_boots":3,"minecraft:hay_block":36,"minecraft:white_wool":10,"minecraft:rail":42,"minecraft:bone_block":5,"minecraft:leather":28,"minecraft:oak_log":30,"minecraft:ancient_debris":4,"minecraft:gunpowder":21,"minecraft:yellow_bed":10,"minecraft:cobblestone_wall":1,"minecraft:apple":10,"minecraft:rabbit_hide":1,"minecraft:iron_ingot":33,"minecraft:stone_pickaxe":1,"minecraft:glass_bottle":1,"minecraft:soul_sand":24,"minecraft:iron_sword":1,"minecraft:book":3,"minecraft:oak_slab":13,"minecraft:nether_quartz_ore":8,"minecraft:dark_oak_slab":11,"minecraft:quartz":286,"minecraft:dandelion":22,"minecraft:gravel":199,"minecraft:spruce_sapling":20,"minecraft:white_bed":22,"minecraft:spruce_log":344,"minecraft:spider_eye":1,"minecraft:diamond_shovel":2,"minecraft:coal_ore":3,"minecraft:stone_axe":1,"minecraft:diamond_axe":2,"minecraft:baked_potato":1,"minecraft:coal":181},"minecraft:killed":{"minecraft:witch":2,"minecraft:spider":7,"minecraft:skeleton":23,"minecraft:piglin":1,"minecraft:pig":4,"minecraft:zombie_villager":1,"minecraft:iron_golem":6,"minecraft:creeper":12,"minecraft:pillager":8,"minecraft:donkey":1,"minecraft:zombie":58,"minecraft:ghast":1,"minecraft:cow":11,"minecraft:horse":1,"minecraft:rabbit":1,"minecraft:villager":2}},"DataVersion":3953}