{"stats":{"minecraft:crafted":{"minecraft:oak_planks":72,"minecraft:stone":16,"minecraft:bookshelf":2,"minecraft:diamond_block":12,"minecraft:diamond_helmet":1,"minecraft:diamond_leggings":1,"minecraft:stone_pickaxe":1,"minecraft:chest":2,"minecraft:diamond_boots":1,"minecraft:wheat":324,"minecraft:oak_slab":48,"minecraft:diamond_sword":1,"minecraft:emerald":13,"minecraft:crafting_table":3,"minecraft:spruce_planks":88,"minecraft:enchanting_table":1,"minecraft:wooden_pickaxe":1,"minecraft:birch_planks":112,"minecraft:bucket":1,"minecraft:stone_axe":1,"minecraft:bread":108,"minecraft:acacia_boat":2,"minecraft:air":0,"minecraft:oak_boat":1,"minecraft:lectern":2,"minecraft:book":7,"minecraft:paper":75,"minecraft:diamond_pickaxe":1,"minecraft:shield":1,"minecraft:stick":464,"minecraft:iron_ingot":27,"minecraft:iron_pickaxe":1,"minecraft:stone_sword":1,"minecraft:iron_shovel":1,"minecraft:acacia_planks":56,"minecraft:diamond_chestplate":1},"minecraft:broken":{"minecraft:wooden_pickaxe":1,"minecraft:stone_pickaxe":1},"minecraft:mined":{"minecraft:diamond_ore":1,"minecraft:tuff":50,"minecraft:white_bed":5,"minecraft:deepslate_diamond_ore":144,"minecraft:obsidian":14,"minecraft:granite":2,"minecraft:acacia_log":14,"minecraft:grass_block":119,"minecraft:spruce_leaves":8,"minecraft:hay_block":36,"minecraft:redstone_ore":14,"minecraft:furnace":7,"minecraft:cobbled_deepslate":2,"minecraft:andesite":12,"minecraft:fletching_table":10,"minecraft:deepslate_lapis_ore":8,"minecraft:enchanting_table":1,"minecraft:dirt_path":30,"minecraft:deepslate_iron_ore":27,"minecraft:rail":19,"minecraft:stone":158,"minecraft:oak_slab":11,"minecraft:crafting_table":7,"minecraft:short_grass":37,"minecraft:poppy":4,"minecraft:chest":3,"minecraft:dead_bush":1,"minecraft:lectern":10,"minecraft:tall_grass":7,"minecraft:cobblestone":3,"minecraft:deepslate_gold_ore":12,"minecraft:grindstone":2,"minecraft:sugar_cane":100,"minecraft:sculk":1,"minecraft:diorite":29,"minecraft:pink_petals":1,"minecraft:seagrass":1,"minecraft:birch_log":28,"minecraft:spruce_log":23,"minecraft:oak_log":18,"minecraft:coal_ore":22,"minecraft:gravel":17,"minecraft:sand":6,"minecraft:dirt":23,"minecraft:cobweb":1,"minecraft:acacia_planks":4,"minecraft:oak_leaves":2,"minecraft:deepslate":465},"minecraft:dropped":{"minecraft:bread":5,"minecraft:acacia_boat":2,"minecraft:iron_helmet":1,"minecraft:cobblestone":64,"minecraft:granite":2,"minecraft:activator_rail":4,"minecraft:stick":4,"minecraft:flint":3,"minecraft:iron_pickaxe":1,"minecraft:acacia_planks":1,"minecraft:bone":4,"minecraft:stone_sword":1,"minecraft:cobbled_deepslate":64,"minecraft:tuff":49,"minecraft:rotten_flesh":4,"minecraft:grindstone":2,"minecraft:oak_planks":3,"minecraft:iron_boots":1,"minecraft:diamond_sword":1,"minecraft:stone_pickaxe":1},"minecraft:custom":{"minecraft:mob_kills":43,"minecraft:interact_with_crafting_table":32,"minecraft:leave_game":2,"minecraft:time_since_death":77591,"minecraft:climb_one_cm":20,"minecraft:sprint_one_cm":260861,"minecraft:walk_one_cm":267498,"minecraft:damage_blocked_by_shield":471,"minecraft:drop":22,"minecraft:talked_to_villager":127,"minecraft:play_time":147821,"minecraft:deaths":1,"minecraft:sneak_time":4265,"minecraft:walk_under_water_one_cm":20717,"minecraft:boat_one_cm":438368,"minecraft:jump":3163,"minecraft:walk_on_water_one_cm":29160,"minecraft:enchant_item":5,"minecraft:total_world_time":147821,"minecraft:interact_with_furnace":10,"minecraft:traded_with_villager":13,"minecraft:sleep_in_bed":6,"minecraft:time_since_rest":1652,"minecraft:damage_taken":1962,"minecraft:damage_dealt":8569,"minecraft:swim_one_cm":48191,"minecraft:fly_one_cm":676616,"minecraft:open_chest":26,"minecraft:crouch_one_cm":11151,"minecraft:fall_one_cm":105027},"minecraft:killed":{"minecraft:spider":3,"minecraft:skeleton":9,"minecraft:rabbit":1,"minecraft:iron_golem":1,"minecraft:pillager":8,"minecraft:zombie":10,"minecraft:cow":10},"minecraft:picked_up":{"minecraft:crafting_table":7,"minecraft:diamond_sword":2,"minecraft:shield":1,"minecraft:activator_rail":4,"minecraft:diamond_leggings":1,"minecraft:cobbled_deepslate":625,"minecraft:beef":42,"minecraft:oak_boat":1,"minecraft:poppy":5,"minecraft:iron_pickaxe":2,"minecraft:lectern":10,"minecraft:sugar_cane":330,"minecraft:chest":3,"minecraft:egg":2,"minecraft:furnace":10,"minecraft:stick":5,"minecraft:raw_iron":54,"minecraft:acacia_log":14,"minecraft:redstone":122,"minecraft:diamond_chestplate":1,"minecraft:arrow":12,"minecraft:rotten_flesh":9,"minecraft:diamond_boots":1,"minecraft:hay_block":36,"minecraft:obsidian":28,"minecraft:cobblestone":223,"minecraft:rail":42,"minecraft:birch_log":28,"minecraft:enchanting_table":1,"minecraft:water_bucket":1,"minecraft:leather":24,"minecraft:flint":6,"minecraft:tuff":49,"minecraft:oak_log":18,"minecraft:gunpowder":4,"minecraft:acacia_boat":14,"minecraft:lapis_lazuli":116,"minecraft:dirt":170,"minecraft:bone":8,"minecraft:acacia_planks":35,"minecraft:apple":1,"minecraft:raw_gold":24,"minecraft:rabbit_hide":1,"minecraft:stone_pickaxe":1,"minecraft:grindstone":6,"minecraft:iron_ingot":4,"minecraft:diamond_helmet":1,"minecraft:fletching_table":10,"minecraft:rabbit":1,"minecraft:oak_slab":11,"minecraft:gravel":14,"minecraft:sand":6,"minecraft:white_bed":6,"minecraft:spruce_log":22,"minecraft:diamond":261,"minecraft:stone_axe":1,"minecraft:granite":2,"minecraft:golden_apple":1,"minecraft:bread":34,"minecraft:coal":38,"minecraft:diamond_pickaxe":1},"minecraft:killed_by":{"minecraft:zombie":1},"minecraft:used":{"minecraft:stone_sword":59,"minecraft:enchanting_table":1,"minecraft:iron_shovel":173,"minecraft:poppy":2,"minecraft:chest":5,"minecraft:shield":8,"minecraft:dirt":157,"minecraft:diamond_helmet":1,"minecraft:diamond_chestplate":1,"minecraft:furnace":4,"minecraft:goat_horn":9,"minecraft:egg":1,"minecraft:acacia_planks":4,"minecraft:cobbled_deepslate":120,"minecraft:acacia_boat":12,"minecraft:water_bucket":37,"minecraft:diamond_boots":1,"minecraft:stone_pickaxe":131,"minecraft:wooden_pickaxe":59,"minecraft:fletching_table":10,"minecraft:sugar_cane":14,"minecraft:sand":6,"minecraft:oak_slab":40,"minecraft:crafting_table":9,"minecraft:white_bed":5,"minecraft:diamond_pickaxe":609,"minecraft:bread":48,"minecraft:iron_pickaxe":193,"minecraft:lectern":11,"minecraft:stone_axe":222,"minecraft:diamond_sword":118,"minecraft:cobblestone":20,"minecraft:grindstone":1,"minecraft:bucket":38,"minecraft:oak_boat":2,"minecraft:diamond_leggings":1}},"DataVersion":3953}