{"stats":{"minecraft:broken":{"minecraft:iron_shovel":1,"minecraft:wooden_pickaxe":1,"minecraft:stone_pickaxe":1,"minecraft:stone_axe":1},"minecraft:mined":{"minecraft:dark_oak_planks":58,"minecraft:nether_gold_ore":17,"minecraft:diamond_ore":1,"minecraft:tuff":50,"minecraft:spruce_planks":6,"minecraft:white_bed":5,"minecraft:mossy_cobblestone":2,"minecraft:dark_oak_leaves":16,"minecraft:deepslate_diamond_ore":144,"minecraft:dark_oak_log":307,"minecraft:obsidian":25,"minecraft:granite":2,"minecraft:acacia_log":14,"minecraft:grass_block":339,"minecraft:yellow_carpet":3,"minecraft:spruce_leaves":103,"minecraft:large_fern":3,"minecraft:hay_block":36,"minecraft:redstone_ore":14,"minecraft:furnace":7,"minecraft:iron_ore":1,"minecraft:cobbled_deepslate":2,"minecraft:andesite":12,"minecraft:deepslate_lapis_ore":8,"minecraft:fletching_table":10,"minecraft:azure_bluet":1,"minecraft:enchanting_table":1,"minecraft:dirt_path":58,"minecraft:deepslate_iron_ore":27,"minecraft:rail":19,"minecraft:stone":218,"minecraft:spruce_slab":14,"minecraft:oak_slab":12,"minecraft:dandelion":9,"minecraft:crafting_table":7,"minecraft:short_grass":136,"minecraft:poppy":10,"minecraft:chest":4,"minecraft:dead_bush":1,"minecraft:nether_quartz_ore":19,"minecraft:tall_grass":48,"minecraft:lectern":170,"minecraft:glass":12,"minecraft:cobblestone":14,"minecraft:oak_planks":4,"minecraft:sugar_cane":151,"minecraft:deepslate_gold_ore":12,"minecraft:grindstone":3,"minecraft:sculk":1,"minecraft:diorite":29,"minecraft:pink_petals":1,"minecraft:seagrass":1,"minecraft:cobblestone_wall":1,"minecraft:dark_oak_wall_sign":2,"minecraft:birch_log":170,"minecraft:spruce_log":336,"minecraft:birch_leaves":26,"minecraft:coal_ore":51,"minecraft:oak_log":18,"minecraft:gravel":122,"minecraft:sand":211,"minecraft:dirt":92,"minecraft:cobweb":1,"minecraft:acacia_planks":4,"minecraft:netherrack":1195,"minecraft:oak_leaves":3,"minecraft:deepslate":465,"minecraft:fern":1},"minecraft:killed_by":{"minecraft:creeper":1,"minecraft:zombie":1},"minecraft:custom":{"minecraft:interact_with_anvil":8,"minecraft:mob_kills":103,"minecraft:interact_with_crafting_table":84,"minecraft:leave_game":12,"minecraft:time_since_death":35405,"minecraft:climb_one_cm":1247,"minecraft:sprint_one_cm":668098,"minecraft:walk_one_cm":751962,"minecraft:damage_blocked_by_shield":1529,"minecraft:drop":38,"minecraft:talked_to_villager":469,"minecraft:play_time":397991,"minecraft:sneak_time":19485,"minecraft:deaths":3,"minecraft:walk_under_water_one_cm":26679,"minecraft:boat_one_cm":461209,"minecraft:jump":8512,"minecraft:walk_on_water_one_cm":38724,"minecraft:enchant_item":5,"minecraft:total_world_time":397991,"minecraft:interact_with_furnace":49,"minecraft:traded_with_villager":201,"minecraft:sleep_in_bed":17,"minecraft:time_since_rest":31083,"minecraft:damage_taken":5591,"minecraft:damage_dealt":23308,"minecraft:swim_one_cm":69277,"minecraft:fly_one_cm":1868150,"minecraft:open_chest":109,"minecraft:crouch_one_cm":72577,"minecraft:fall_one_cm":258830},"minecraft:used":{"minecraft:stone_sword":59,"minecraft:enchanting_table":1,"minecraft:iron_shovel":261,"minecraft:flint_and_steel":5,"minecraft:spruce_slab":29,"minecraft:poppy":6,"minecraft:diamond_hoe":107,"minecraft:chest":8,"minecraft:spruce_planks":7,"minecraft:shield":26,"minecraft:stone":47,"minecraft:netherrack":200,"minecraft:anvil":1,"minecraft:dirt":480,"minecraft:cobblestone_wall":2,"minecraft:diamond_helmet":2,"minecraft:yellow_carpet":3,"minecraft:obsidian":11,"minecraft:glass":166,"minecraft:dark_oak_planks":76,"minecraft:dark_oak_slab":1,"minecraft:diamond_chestplate":1,"minecraft:goat_horn":10,"minecraft:furnace":4,"minecraft:egg":3,"minecraft:cooked_beef":7,"minecraft:cobbled_deepslate":120,"minecraft:acacia_planks":4,"minecraft:acacia_boat":23,"minecraft:water_bucket":48,"minecraft:diamond_boots":3,"minecraft:baked_potato":1,"minecraft:oak_planks":2,"minecraft:stone_pickaxe":131,"minecraft:dark_oak_sign":4,"minecraft:wooden_pickaxe":59,"minecraft:diamond_axe":1264,"minecraft:fletching_table":12,"minecraft:sugar_cane":19,"minecraft:dark_oak_trapdoor":2,"minecraft:mossy_cobblestone":1,"minecraft:sand":7,"minecraft:white_bed":5,"minecraft:oak_slab":44,"minecraft:crafting_table":10,"minecraft:diamond_pickaxe":1972,"minecraft:apple":1,"minecraft:diamond_shovel":495,"minecraft:iron_pickaxe":193,"minecraft:bread":117,"minecraft:string":1,"minecraft:lectern":175,"minecraft:gravel":26,"minecraft:spruce_sapling":18,"minecraft:stone_axe":232,"minecraft:diamond_sword":364,"minecraft:cobblestone":439,"minecraft:grindstone":3,"minecraft:bucket":49,"minecraft:oak_boat":2,"minecraft:diamond_leggings":2},"minecraft:crafted":{"minecraft:smooth_stone":16,"minecraft:oak_planks":72,"minecraft:diamond_hoe":1,"minecraft:dark_oak_trapdoor":2,"minecraft:stone":16,"minecraft:dark_oak_sign":3,"minecraft:diamond_shovel":1,"minecraft:bookshelf":6,"minecraft:diamond_block":12,"minecraft:flint_and_steel":1,"minecraft:glass":156,"minecraft:diamond":9,"minecraft:diamond_helmet":1,"minecraft:diamond_leggings":1,"minecraft:spruce_slab":24,"minecraft:stone_pickaxe":1,"minecraft:cobblestone_wall":6,"minecraft:chest":4,"minecraft:diamond_boots":1,"minecraft:dark_oak_planks":1228,"minecraft:wheat":324,"minecraft:oak_slab":48,"minecraft:diamond_sword":1,"minecraft:emerald":191,"minecraft:diamond_axe":1,"minecraft:crafting_table":4,"minecraft:spruce_planks":1312,"minecraft:enchanting_table":1,"minecraft:wooden_pickaxe":1,"minecraft:fletching_table":2,"minecraft:bucket":1,"minecraft:birch_planks":668,"minecraft:stone_axe":1,"minecraft:enchanted_book":5,"minecraft:bread":108,"minecraft:acacia_boat":2,"minecraft:air":0,"minecraft:oak_boat":1,"minecraft:lectern":6,"minecraft:dark_oak_slab":6,"minecraft:book":12,"minecraft:paper":156,"minecraft:diamond_pickaxe":3,"minecraft:shield":1,"minecraft:stick":5908,"minecraft:flint":10,"minecraft:iron_ingot":28,"minecraft:iron_pickaxe":1,"minecraft:wooden_axe":1,"minecraft:iron_block":3,"minecraft:stone_sword":1,"minecraft:iron_shovel":1,"minecraft:anvil":1,"minecraft:acacia_planks":56,"minecraft:diamond_chestplate":1},"minecraft:dropped":{"minecraft:water_bucket":1,"minecraft:bread":6,"minecraft:acacia_boat":2,"minecraft:wheat_seeds":2,"minecraft:iron_helmet":1,"minecraft:cobblestone":64,"minecraft:granite":2,"minecraft:activator_rail":4,"minecraft:flint":4,"minecraft:emerald":1,"minecraft:stick":4,"minecraft:iron_pickaxe":1,"minecraft:string":1,"minecraft:acacia_planks":1,"minecraft:dandelion":1,"minecraft:bone":4,"minecraft:gravel":64,"minecraft:stone_sword":1,"minecraft:dark_oak_sign":1,"minecraft:cobbled_deepslate":64,"minecraft:tuff":49,"minecraft:birch_sapling":2,"minecraft:rotten_flesh":5,"minecraft:grindstone":2,"minecraft:iron_boots":1,"minecraft:oak_planks":3,"minecraft:diamond_sword":1,"minecraft:poppy":2,"minecraft:stone":7,"minecraft:shield":1,"minecraft:arrow":4,"minecraft:stone_pickaxe":1},"minecraft:picked_up":{"minecraft:crafting_table":7,"minecraft:azure_bluet":3,"minecraft:diamond_sword":4,"minecraft:shield":3,"minecraft:string":4,"minecraft:flint_and_steel":3,"minecraft:activator_rail":4,"minecraft:diamond_leggings":3,"minecraft:cobbled_deepslate":625,"minecraft:spruce_planks":6,"minecraft:beef":42,"minecraft:oak_boat":1,"minecraft:poppy":30,"minecraft:iron_pickaxe":4,"minecraft:spruce_slab":15,"minecraft:lectern":171,"minecraft:birch_sapling":2,"minecraft:sugar_cane":422,"minecraft:chest":4,"minecraft:diamond_hoe":1,"minecraft:furnace":10,"minecraft:egg":4,"minecraft:dark_oak_sapling":2,"minecraft:stick":21,"minecraft:raw_iron":55,"minecraft:stone":61,"minecraft:acacia_log":14,"minecraft:redstone":127,"minecraft:golden_chestplate":1,"minecraft:dark_oak_planks":170,"minecraft:nether_gold_ore":17,"minecraft:arrow":28,"minecraft:rotten_flesh":47,"minecraft:diamond_chestplate":3,"minecraft:diamond_boots":3,"minecraft:hay_block":36,"minecraft:obsidian":53,"minecraft:rail":42,"minecraft:cobblestone":239,"minecraft:birch_log":167,"minecraft:enchanting_table":1,"minecraft:cooked_beef":13,"minecraft:water_bucket":4,"minecraft:leather":24,"minecraft:flint":23,"minecraft:tuff":49,"minecraft:oak_log":18,"minecraft:cobblestone_wall":1,"minecraft:gunpowder":17,"minecraft:acacia_boat":26,"minecraft:lapis_lazuli":116,"minecraft:dirt":542,"minecraft:glass":10,"minecraft:bone":16,"minecraft:acacia_planks":35,"minecraft:apple":2,"minecraft:wheat_seeds":24,"minecraft:raw_gold":24,"minecraft:rabbit_hide":1,"minecraft:iron_ingot":33,"minecraft:grindstone":7,"minecraft:stone_pickaxe":1,"minecraft:dark_oak_sign":3,"minecraft:fletching_table":10,"minecraft:diamond_helmet":3,"minecraft:rabbit":1,"minecraft:oak_planks":4,"minecraft:oak_slab":12,"minecraft:quartz":40,"minecraft:dandelion":19,"minecraft:gravel":180,"minecraft:sand":247,"minecraft:spruce_sapling":20,"minecraft:white_bed":6,"minecraft:spruce_log":328,"minecraft:dark_oak_log":307,"minecraft:spider_eye":1,"minecraft:mossy_cobblestone":2,"minecraft:diamond_shovel":2,"minecraft:yellow_carpet":3,"minecraft:sugar":5,"minecraft:diamond":261,"minecraft:stone_axe":1,"minecraft:granite":2,"minecraft:diamond_axe":2,"minecraft:golden_apple":1,"minecraft:bread":83,"minecraft:emerald":21,"minecraft:baked_potato":1,"minecraft:netherrack":1429,"minecraft:coal":67,"minecraft:diamond_pickaxe":3},"minecraft:killed":{"minecraft:witch":1,"minecraft:spider":7,"minecraft:skeleton":18,"minecraft:zombie_villager":1,"minecraft:rabbit":1,"minecraft:iron_golem":6,"minecraft:creeper":8,"minecraft:pillager":8,"minecraft:zombie":42,"minecraft:cow":10}},"DataVersion":3953}