{"stats":{"minecraft:broken":{"minecraft:iron_shovel":1,"minecraft:wooden_pickaxe":1,"minecraft:stone_pickaxe":1,"minecraft:stone_axe":1},"minecraft:mined":{"minecraft:diamond_ore":1,"minecraft:tuff":50,"minecraft:spruce_planks":4,"minecraft:white_bed":5,"minecraft:dark_oak_leaves":14,"minecraft:deepslate_diamond_ore":144,"minecraft:dark_oak_log":130,"minecraft:obsidian":14,"minecraft:granite":2,"minecraft:acacia_log":14,"minecraft:grass_block":124,"minecraft:yellow_carpet":3,"minecraft:spruce_leaves":70,"minecraft:large_fern":3,"minecraft:hay_block":36,"minecraft:redstone_ore":14,"minecraft:furnace":7,"minecraft:iron_ore":1,"minecraft:cobbled_deepslate":2,"minecraft:andesite":12,"minecraft:fletching_table":10,"minecraft:deepslate_lapis_ore":8,"minecraft:enchanting_table":1,"minecraft:deepslate_iron_ore":27,"minecraft:dirt_path":45,"minecraft:rail":19,"minecraft:stone":163,"minecraft:spruce_slab":9,"minecraft:oak_slab":12,"minecraft:dandelion":1,"minecraft:crafting_table":7,"minecraft:short_grass":42,"minecraft:poppy":4,"minecraft:chest":3,"minecraft:dead_bush":1,"minecraft:lectern":156,"minecraft:tall_grass":8,"minecraft:cobblestone":3,"minecraft:oak_planks":4,"minecraft:deepslate_gold_ore":12,"minecraft:grindstone":3,"minecraft:sugar_cane":100,"minecraft:sculk":1,"minecraft:diorite":29,"minecraft:pink_petals":1,"minecraft:seagrass":1,"minecraft:birch_log":28,"minecraft:spruce_log":239,"minecraft:oak_log":18,"minecraft:coal_ore":51,"minecraft:gravel":108,"minecraft:sand":6,"minecraft:dirt":35,"minecraft:cobweb":1,"minecraft:acacia_planks":4,"minecraft:fern":1,"minecraft:oak_leaves":2,"minecraft:deepslate":465},"minecraft:killed_by":{"minecraft:zombie":1},"minecraft:custom":{"minecraft:interact_with_anvil":1,"minecraft:mob_kills":47,"minecraft:interact_with_crafting_table":48,"minecraft:leave_game":3,"minecraft:time_since_death":130492,"minecraft:climb_one_cm":430,"minecraft:sprint_one_cm":332307,"minecraft:walk_one_cm":405716,"minecraft:damage_blocked_by_shield":471,"minecraft:drop":25,"minecraft:talked_to_villager":332,"minecraft:play_time":200722,"minecraft:sneak_time":6409,"minecraft:deaths":1,"minecraft:walk_under_water_one_cm":22424,"minecraft:boat_one_cm":447567,"minecraft:jump":3887,"minecraft:walk_on_water_one_cm":30567,"minecraft:enchant_item":5,"minecraft:total_world_time":200722,"minecraft:interact_with_furnace":15,"minecraft:traded_with_villager":96,"minecraft:sleep_in_bed":10,"minecraft:time_since_rest":11363,"minecraft:damage_taken":2095,"minecraft:damage_dealt":10139,"minecraft:swim_one_cm":50715,"minecraft:fly_one_cm":820526,"minecraft:open_chest":39,"minecraft:crouch_one_cm":17940,"minecraft:fall_one_cm":121627},"minecraft:used":{"minecraft:stone_sword":59,"minecraft:enchanting_table":1,"minecraft:iron_shovel":261,"minecraft:spruce_slab":21,"minecraft:poppy":4,"minecraft:spruce_planks":5,"minecraft:chest":5,"minecraft:shield":8,"minecraft:dirt":187,"minecraft:anvil":1,"minecraft:diamond_helmet":1,"minecraft:yellow_carpet":3,"minecraft:diamond_chestplate":1,"minecraft:goat_horn":10,"minecraft:furnace":4,"minecraft:egg":1,"minecraft:cobbled_deepslate":120,"minecraft:acacia_planks":4,"minecraft:acacia_boat":22,"minecraft:water_bucket":40,"minecraft:diamond_boots":1,"minecraft:stone_pickaxe":131,"minecraft:oak_planks":2,"minecraft:wooden_pickaxe":59,"minecraft:diamond_axe":582,"minecraft:fletching_table":12,"minecraft:sugar_cane":14,"minecraft:sand":6,"minecraft:oak_slab":44,"minecraft:crafting_table":9,"minecraft:white_bed":5,"minecraft:diamond_pickaxe":651,"minecraft:bread":55,"minecraft:iron_pickaxe":193,"minecraft:lectern":161,"minecraft:spruce_sapling":17,"minecraft:gravel":13,"minecraft:stone_axe":232,"minecraft:diamond_sword":136,"minecraft:cobblestone":20,"minecraft:grindstone":1,"minecraft:bucket":41,"minecraft:oak_boat":2,"minecraft:diamond_leggings":1},"minecraft:crafted":{"minecraft:oak_planks":72,"minecraft:smooth_stone":16,"minecraft:stone":16,"minecraft:bookshelf":5,"minecraft:diamond_block":12,"minecraft:diamond_helmet":1,"minecraft:diamond_leggings":1,"minecraft:spruce_slab":24,"minecraft:stone_pickaxe":1,"minecraft:chest":2,"minecraft:diamond_boots":1,"minecraft:dark_oak_planks":520,"minecraft:wheat":324,"minecraft:oak_slab":48,"minecraft:diamond_sword":1,"minecraft:emerald":91,"minecraft:diamond_axe":1,"minecraft:crafting_table":3,"minecraft:spruce_planks":928,"minecraft:enchanting_table":1,"minecraft:wooden_pickaxe":1,"minecraft:fletching_table":2,"minecraft:birch_planks":112,"minecraft:bucket":1,"minecraft:stone_axe":1,"minecraft:enchanted_book":1,"minecraft:bread":108,"minecraft:acacia_boat":2,"minecraft:air":0,"minecraft:oak_boat":1,"minecraft:lectern":5,"minecraft:book":8,"minecraft:paper":144,"minecraft:diamond_pickaxe":1,"minecraft:shield":1,"minecraft:stick":2760,"minecraft:flint":10,"minecraft:iron_ingot":28,"minecraft:iron_pickaxe":1,"minecraft:iron_block":3,"minecraft:stone_sword":1,"minecraft:iron_shovel":1,"minecraft:anvil":1,"minecraft:acacia_planks":56,"minecraft:diamond_chestplate":1},"minecraft:dropped":{"minecraft:bread":5,"minecraft:acacia_boat":2,"minecraft:iron_helmet":1,"minecraft:cobblestone":64,"minecraft:granite":2,"minecraft:activator_rail":4,"minecraft:stick":4,"minecraft:flint":3,"minecraft:iron_pickaxe":1,"minecraft:acacia_planks":1,"minecraft:dandelion":1,"minecraft:bone":4,"minecraft:gravel":64,"minecraft:stone_sword":1,"minecraft:cobbled_deepslate":64,"minecraft:tuff":49,"minecraft:rotten_flesh":4,"minecraft:grindstone":2,"minecraft:oak_planks":3,"minecraft:iron_boots":1,"minecraft:diamond_sword":1,"minecraft:poppy":1,"minecraft:stone_pickaxe":1},"minecraft:picked_up":{"minecraft:crafting_table":7,"minecraft:diamond_sword":2,"minecraft:shield":1,"minecraft:activator_rail":4,"minecraft:diamond_leggings":1,"minecraft:cobbled_deepslate":625,"minecraft:spruce_planks":4,"minecraft:beef":42,"minecraft:oak_boat":1,"minecraft:poppy":7,"minecraft:iron_pickaxe":2,"minecraft:spruce_slab":9,"minecraft:lectern":156,"minecraft:sugar_cane":330,"minecraft:chest":3,"minecraft:furnace":10,"minecraft:egg":2,"minecraft:stick":17,"minecraft:raw_iron":55,"minecraft:acacia_log":14,"minecraft:redstone":127,"minecraft:rotten_flesh":9,"minecraft:arrow":12,"minecraft:diamond_chestplate":1,"minecraft:diamond_boots":1,"minecraft:hay_block":36,"minecraft:obsidian":28,"minecraft:rail":42,"minecraft:cobblestone":228,"minecraft:birch_log":28,"minecraft:enchanting_table":1,"minecraft:water_bucket":1,"minecraft:leather":24,"minecraft:flint":10,"minecraft:tuff":49,"minecraft:oak_log":18,"minecraft:gunpowder":5,"minecraft:acacia_boat":23,"minecraft:lapis_lazuli":116,"minecraft:dirt":202,"minecraft:bone":10,"minecraft:acacia_planks":35,"minecraft:apple":1,"minecraft:wheat_seeds":2,"minecraft:raw_gold":24,"minecraft:rabbit_hide":1,"minecraft:stone_pickaxe":1,"minecraft:grindstone":7,"minecraft:iron_ingot":9,"minecraft:diamond_helmet":1,"minecraft:fletching_table":10,"minecraft:rabbit":1,"minecraft:oak_planks":4,"minecraft:oak_slab":12,"minecraft:dandelion":1,"minecraft:gravel":165,"minecraft:sand":6,"minecraft:spruce_sapling":19,"minecraft:white_bed":6,"minecraft:spruce_log":232,"minecraft:dark_oak_log":130,"minecraft:yellow_carpet":3,"minecraft:sugar":5,"minecraft:diamond":261,"minecraft:stone_axe":1,"minecraft:granite":2,"minecraft:golden_apple":1,"minecraft:bread":34,"minecraft:coal":67,"minecraft:diamond_pickaxe":1},"minecraft:killed":{"minecraft:witch":1,"minecraft:spider":3,"minecraft:skeleton":9,"minecraft:iron_golem":2,"minecraft:rabbit":1,"minecraft:creeper":2,"minecraft:pillager":8,"minecraft:zombie":10,"minecraft:cow":10}},"DataVersion":3953}