{"stats":{"minecraft:broken":{"minecraft:wooden_pickaxe":1,"minecraft:stone_pickaxe":1},"minecraft:mined":{"minecraft:diamond_ore":1,"minecraft:tuff":50,"minecraft:white_bed":4,"minecraft:deepslate_diamond_ore":144,"minecraft:obsidian":14,"minecraft:granite":2,"minecraft:acacia_log":14,"minecraft:grass_block":3,"minecraft:hay_block":15,"minecraft:redstone_ore":14,"minecraft:furnace":7,"minecraft:cobbled_deepslate":2,"minecraft:andesite":12,"minecraft:deepslate_lapis_ore":8,"minecraft:enchanting_table":1,"minecraft:deepslate_iron_ore":27,"minecraft:rail":19,"minecraft:stone":158,"minecraft:crafting_table":7,"minecraft:short_grass":15,"minecraft:chest":2,"minecraft:dead_bush":1,"minecraft:tall_grass":4,"minecraft:cobblestone":3,"minecraft:deepslate_gold_ore":12,"minecraft:grindstone":2,"minecraft:sugar_cane":85,"minecraft:sculk":1,"minecraft:diorite":29,"minecraft:pink_petals":1,"minecraft:seagrass":1,"minecraft:oak_log":3,"minecraft:coal_ore":22,"minecraft:gravel":17,"minecraft:sand":6,"minecraft:cobweb":1,"minecraft:acacia_planks":4,"minecraft:deepslate":465},"minecraft:killed_by":{"minecraft:zombie":1},"minecraft:custom":{"minecraft:mob_kills":38,"minecraft:interact_with_crafting_table":15,"minecraft:leave_game":2,"minecraft:time_since_death":42018,"minecraft:climb_one_cm":20,"minecraft:sprint_one_cm":209128,"minecraft:walk_one_cm":133965,"minecraft:damage_blocked_by_shield":295,"minecraft:drop":17,"minecraft:talked_to_villager":1,"minecraft:play_time":112248,"minecraft:deaths":1,"minecraft:sneak_time":2610,"minecraft:walk_under_water_one_cm":16246,"minecraft:boat_one_cm":411045,"minecraft:jump":2566,"minecraft:walk_on_water_one_cm":26448,"minecraft:enchant_item":5,"minecraft:total_world_time":112248,"minecraft:interact_with_furnace":4,"minecraft:sleep_in_bed":3,"minecraft:time_since_rest":33749,"minecraft:damage_taken":1529,"minecraft:damage_dealt":7318,"minecraft:swim_one_cm":45923,"minecraft:fly_one_cm":553763,"minecraft:open_chest":12,"minecraft:crouch_one_cm":5221,"minecraft:fall_one_cm":88117},"minecraft:used":{"minecraft:stone_sword":59,"minecraft:enchanting_table":1,"minecraft:chest":2,"minecraft:shield":7,"minecraft:diamond_helmet":1,"minecraft:diamond_chestplate":1,"minecraft:furnace":1,"minecraft:goat_horn":8,"minecraft:egg":1,"minecraft:acacia_planks":4,"minecraft:cobbled_deepslate":120,"minecraft:acacia_boat":6,"minecraft:water_bucket":21,"minecraft:diamond_boots":1,"minecraft:stone_pickaxe":131,"minecraft:wooden_pickaxe":59,"minecraft:sugar_cane":14,"minecraft:sand":6,"minecraft:crafting_table":8,"minecraft:white_bed":3,"minecraft:diamond_pickaxe":609,"minecraft:bread":36,"minecraft:iron_pickaxe":193,"minecraft:stone_axe":97,"minecraft:diamond_sword":101,"minecraft:cobblestone":20,"minecraft:bucket":22,"minecraft:oak_boat":2,"minecraft:diamond_leggings":1},"minecraft:dropped":{"minecraft:iron_helmet":1,"minecraft:cobblestone":64,"minecraft:granite":2,"minecraft:activator_rail":4,"minecraft:stick":3,"minecraft:flint":3,"minecraft:iron_pickaxe":1,"minecraft:bone":4,"minecraft:stone_sword":1,"minecraft:cobbled_deepslate":64,"minecraft:tuff":49,"minecraft:rotten_flesh":4,"minecraft:grindstone":2,"minecraft:iron_boots":1,"minecraft:oak_planks":3,"minecraft:diamond_sword":1,"minecraft:stone_pickaxe":1},"minecraft:crafted":{"minecraft:oak_planks":12,"minecraft:diamond_helmet":1,"minecraft:diamond_leggings":1,"minecraft:stone_pickaxe":1,"minecraft:diamond_boots":1,"minecraft:wheat":135,"minecraft:diamond_sword":1,"minecraft:crafting_table":2,"minecraft:enchanting_table":1,"minecraft:wooden_pickaxe":1,"minecraft:bucket":1,"minecraft:stone_axe":1,"minecraft:bread":45,"minecraft:acacia_boat":2,"minecraft:air":0,"minecraft:oak_boat":1,"minecraft:book":1,"minecraft:paper":30,"minecraft:diamond_pickaxe":1,"minecraft:shield":1,"minecraft:stick":16,"minecraft:iron_ingot":3,"minecraft:iron_pickaxe":1,"minecraft:stone_sword":1,"minecraft:acacia_planks":56,"minecraft:diamond_chestplate":1},"minecraft:picked_up":{"minecraft:crafting_table":7,"minecraft:diamond_sword":2,"minecraft:shield":1,"minecraft:activator_rail":4,"minecraft:diamond_leggings":1,"minecraft:cobbled_deepslate":625,"minecraft:beef":42,"minecraft:oak_boat":1,"minecraft:poppy":2,"minecraft:iron_pickaxe":2,"minecraft:sugar_cane":301,"minecraft:chest":2,"minecraft:egg":2,"minecraft:furnace":10,"minecraft:stick":3,"minecraft:raw_iron":54,"minecraft:acacia_log":14,"minecraft:redstone":122,"minecraft:diamond_chestplate":1,"minecraft:arrow":10,"minecraft:rotten_flesh":5,"minecraft:diamond_boots":1,"minecraft:hay_block":15,"minecraft:obsidian":28,"minecraft:cobblestone":223,"minecraft:rail":42,"minecraft:enchanting_table":1,"minecraft:water_bucket":1,"minecraft:leather":24,"minecraft:flint":6,"minecraft:tuff":49,"minecraft:oak_log":3,"minecraft:gunpowder":4,"minecraft:acacia_boat":5,"minecraft:lapis_lazuli":116,"minecraft:dirt":3,"minecraft:bone":8,"minecraft:acacia_planks":34,"minecraft:apple":1,"minecraft:raw_gold":24,"minecraft:rabbit_hide":1,"minecraft:stone_pickaxe":1,"minecraft:grindstone":6,"minecraft:iron_ingot":4,"minecraft:diamond_helmet":1,"minecraft:rabbit":1,"minecraft:gravel":14,"minecraft:sand":6,"minecraft:white_bed":5,"minecraft:diamond":261,"minecraft:stone_axe":1,"minecraft:granite":2,"minecraft:golden_apple":1,"minecraft:bread":29,"minecraft:coal":38,"minecraft:diamond_pickaxe":1},"minecraft:killed":{"minecraft:spider":3,"minecraft:skeleton":7,"minecraft:rabbit":1,"minecraft:iron_golem":1,"minecraft:pillager":8,"minecraft:zombie":8,"minecraft:cow":10}},"DataVersion":3953}