{"stats":{"minecraft:broken":{"minecraft:iron_shovel":1,"minecraft:wooden_pickaxe":1,"minecraft:stone_pickaxe":1,"minecraft:stone_axe":1},"minecraft:mined":{"minecraft:dark_oak_planks":58,"minecraft:nether_gold_ore":23,"minecraft:diamond_ore":1,"minecraft:tuff":50,"minecraft:spruce_planks":6,"minecraft:white_bed":5,"minecraft:mossy_cobblestone":2,"minecraft:dark_oak_leaves":18,"minecraft:deepslate_diamond_ore":144,"minecraft:dark_oak_log":307,"minecraft:obsidian":25,"minecraft:granite":2,"minecraft:acacia_log":14,"minecraft:grass_block":339,"minecraft:yellow_carpet":3,"minecraft:spruce_leaves":103,"minecraft:composter":2,"minecraft:large_fern":3,"minecraft:hay_block":36,"minecraft:redstone_ore":14,"minecraft:furnace":7,"minecraft:carrots":13,"minecraft:iron_ore":1,"minecraft:fire":10,"minecraft:cobbled_deepslate":2,"minecraft:andesite":13,"minecraft:deepslate_lapis_ore":8,"minecraft:fletching_table":10,"minecraft:azure_bluet":1,"minecraft:enchanting_table":1,"minecraft:dirt_path":58,"minecraft:deepslate_iron_ore":27,"minecraft:rail":19,"minecraft:stone":227,"minecraft:spruce_slab":14,"minecraft:oak_slab":13,"minecraft:soul_sand":1,"minecraft:dandelion":9,"minecraft:crafting_table":7,"minecraft:short_grass":138,"minecraft:poppy":10,"minecraft:chest":4,"minecraft:dead_bush":1,"minecraft:nether_quartz_ore":150,"minecraft:tall_grass":48,"minecraft:lectern":170,"minecraft:glass":14,"minecraft:cobblestone":14,"minecraft:oak_planks":4,"minecraft:sugar_cane":151,"minecraft:deepslate_gold_ore":12,"minecraft:grindstone":3,"minecraft:sculk":1,"minecraft:diorite":29,"minecraft:pink_petals":1,"minecraft:seagrass":1,"minecraft:cobblestone_wall":1,"minecraft:dark_oak_wall_sign":2,"minecraft:birch_log":170,"minecraft:spruce_log":336,"minecraft:birch_leaves":26,"minecraft:coal_ore":104,"minecraft:oak_log":18,"minecraft:gravel":143,"minecraft:sand":800,"minecraft:dirt":92,"minecraft:cobweb":1,"minecraft:acacia_planks":4,"minecraft:ancient_debris":4,"minecraft:netherrack":2446,"minecraft:oak_leaves":4,"minecraft:deepslate":465,"minecraft:fern":1},"minecraft:killed_by":{"minecraft:creeper":1,"minecraft:zombie":1},"minecraft:custom":{"minecraft:interact_with_anvil":8,"minecraft:mob_kills":123,"minecraft:interact_with_crafting_table":84,"minecraft:leave_game":12,"minecraft:time_since_death":71405,"minecraft:climb_one_cm":1247,"minecraft:sprint_one_cm":773336,"minecraft:walk_one_cm":900530,"minecraft:damage_blocked_by_shield":1529,"minecraft:drop":55,"minecraft:talked_to_villager":469,"minecraft:play_time":433991,"minecraft:sneak_time":20651,"minecraft:deaths":3,"minecraft:walk_under_water_one_cm":26679,"minecraft:boat_one_cm":461209,"minecraft:jump":9430,"minecraft:walk_on_water_one_cm":39490,"minecraft:enchant_item":5,"minecraft:total_world_time":433991,"minecraft:interact_with_furnace":63,"minecraft:traded_with_villager":201,"minecraft:sleep_in_bed":19,"minecraft:time_since_rest":3986,"minecraft:damage_taken":6221,"minecraft:damage_dealt":26904,"minecraft:swim_one_cm":69277,"minecraft:fly_one_cm":2034395,"minecraft:open_chest":119,"minecraft:crouch_one_cm":75027,"minecraft:fall_one_cm":283285},"minecraft:used":{"minecraft:stone_sword":59,"minecraft:enchanting_table":1,"minecraft:iron_shovel":261,"minecraft:flint_and_steel":15,"minecraft:spruce_slab":29,"minecraft:poppy":6,"minecraft:diamond_hoe":107,"minecraft:chest":8,"minecraft:spruce_planks":7,"minecraft:shield":26,"minecraft:stone":49,"minecraft:rotten_flesh":4,"minecraft:netherrack":290,"minecraft:anvil":1,"minecraft:dirt":512,"minecraft:cobblestone_wall":2,"minecraft:carrot":67,"minecraft:diamond_helmet":2,"minecraft:yellow_carpet":3,"minecraft:obsidian":11,"minecraft:glass":193,"minecraft:dark_oak_planks":76,"minecraft:coal_ore":3,"minecraft:dark_oak_slab":1,"minecraft:diamond_chestplate":1,"minecraft:goat_horn":10,"minecraft:furnace":4,"minecraft:egg":3,"minecraft:cooked_beef":7,"minecraft:cobbled_deepslate":120,"minecraft:acacia_planks":4,"minecraft:acacia_boat":23,"minecraft:water_bucket":50,"minecraft:diamond_boots":3,"minecraft:composter":1,"minecraft:baked_potato":1,"minecraft:oak_planks":2,"minecraft:stone_pickaxe":131,"minecraft:dark_oak_sign":4,"minecraft:wooden_pickaxe":59,"minecraft:diamond_axe":1267,"minecraft:fletching_table":12,"minecraft:sugar_cane":19,"minecraft:dark_oak_trapdoor":2,"minecraft:mossy_cobblestone":1,"minecraft:sand":8,"minecraft:white_bed":5,"minecraft:oak_slab":45,"minecraft:crafting_table":10,"minecraft:diamond_pickaxe":3428,"minecraft:apple":5,"minecraft:diamond_shovel":1106,"minecraft:iron_pickaxe":193,"minecraft:bread":117,"minecraft:string":1,"minecraft:lectern":175,"minecraft:gravel":26,"minecraft:spruce_sapling":18,"minecraft:stone_axe":232,"minecraft:diamond_sword":427,"minecraft:cobblestone":439,"minecraft:cooked_porkchop":8,"minecraft:grindstone":3,"minecraft:andesite":1,"minecraft:bucket":51,"minecraft:oak_boat":2,"minecraft:bone_meal":30,"minecraft:diamond_leggings":2},"minecraft:crafted":{"minecraft:smooth_stone":16,"minecraft:oak_planks":72,"minecraft:diamond_hoe":1,"minecraft:dark_oak_trapdoor":2,"minecraft:stone":16,"minecraft:dark_oak_sign":3,"minecraft:bone_meal":30,"minecraft:diamond_shovel":1,"minecraft:bookshelf":6,"minecraft:diamond_block":12,"minecraft:flint_and_steel":1,"minecraft:glass":183,"minecraft:diamond":9,"minecraft:diamond_helmet":1,"minecraft:diamond_leggings":1,"minecraft:spruce_slab":24,"minecraft:stone_pickaxe":1,"minecraft:cobblestone_wall":6,"minecraft:chest":4,"minecraft:diamond_boots":1,"minecraft:dark_oak_planks":1228,"minecraft:wheat":324,"minecraft:cooked_beef":21,"minecraft:oak_slab":48,"minecraft:diamond_sword":1,"minecraft:emerald":191,"minecraft:diamond_axe":1,"minecraft:crafting_table":4,"minecraft:spruce_planks":1312,"minecraft:enchanting_table":1,"minecraft:wooden_pickaxe":1,"minecraft:fletching_table":2,"minecraft:bucket":1,"minecraft:birch_planks":668,"minecraft:stone_axe":1,"minecraft:enchanted_book":5,"minecraft:bread":108,"minecraft:acacia_boat":2,"minecraft:air":0,"minecraft:oak_boat":1,"minecraft:lectern":6,"minecraft:dark_oak_slab":6,"minecraft:book":12,"minecraft:paper":156,"minecraft:diamond_pickaxe":3,"minecraft:shield":1,"minecraft:stick":5908,"minecraft:flint":10,"minecraft:iron_ingot":28,"minecraft:iron_pickaxe":1,"minecraft:wooden_axe":1,"minecraft:iron_block":3,"minecraft:stone_sword":1,"minecraft:iron_shovel":1,"minecraft:anvil":1,"minecraft:acacia_planks":56,"minecraft:diamond_chestplate":1},"minecraft:dropped":{"minecraft:water_bucket":1,"minecraft:bread":6,"minecraft:acacia_boat":2,"minecraft:wheat_seeds":2,"minecraft:iron_helmet":1,"minecraft:cobblestone":64,"minecraft:granite":2,"minecraft:activator_rail":4,"minecraft:flint":4,"minecraft:emerald":1,"minecraft:stick":4,"minecraft:iron_pickaxe":1,"minecraft:string":1,"minecraft:acacia_planks":1,"minecraft:dandelion":1,"minecraft:bone":4,"minecraft:gravel":64,"minecraft:stone_sword":1,"minecraft:dark_oak_sign":1,"minecraft:cobbled_deepslate":64,"minecraft:tuff":49,"minecraft:birch_sapling":2,"minecraft:rotten_flesh":5,"minecraft:grindstone":2,"minecraft:iron_boots":1,"minecraft:oak_planks":3,"minecraft:diamond_sword":1,"minecraft:poppy":2,"minecraft:stone":7,"minecraft:shield":1,"minecraft:diamond_pickaxe":1,"minecraft:arrow":4,"minecraft:stone_pickaxe":1,"minecraft:netherrack":972},"minecraft:picked_up":{"minecraft:crafting_table":7,"minecraft:azure_bluet":3,"minecraft:diamond_sword":4,"minecraft:shield":3,"minecraft:string":4,"minecraft:flint_and_steel":3,"minecraft:activator_rail":4,"minecraft:diamond_leggings":3,"minecraft:gold_nugget":61,"minecraft:cobbled_deepslate":625,"minecraft:spruce_planks":6,"minecraft:beef":42,"minecraft:oak_boat":1,"minecraft:poppy":30,"minecraft:iron_pickaxe":4,"minecraft:spruce_slab":15,"minecraft:lectern":171,"minecraft:birch_sapling":2,"minecraft:sugar_cane":422,"minecraft:chest":4,"minecraft:diamond_hoe":1,"minecraft:furnace":10,"minecraft:egg":4,"minecraft:dark_oak_sapling":2,"minecraft:stick":21,"minecraft:raw_iron":55,"minecraft:stone":63,"minecraft:composter":2,"minecraft:acacia_log":14,"minecraft:carrot":47,"minecraft:redstone":131,"minecraft:golden_chestplate":1,"minecraft:dark_oak_planks":170,"minecraft:nether_gold_ore":18,"minecraft:arrow":28,"minecraft:rotten_flesh":62,"minecraft:diamond_chestplate":3,"minecraft:diamond_boots":3,"minecraft:hay_block":36,"minecraft:obsidian":53,"minecraft:rail":42,"minecraft:cobblestone":246,"minecraft:birch_log":167,"minecraft:enchanting_table":1,"minecraft:cooked_beef":13,"minecraft:water_bucket":4,"minecraft:andesite":1,"minecraft:leather":24,"minecraft:ancient_debris":4,"minecraft:flint":25,"minecraft:tuff":49,"minecraft:oak_log":18,"minecraft:cobblestone_wall":1,"minecraft:gunpowder":17,"minecraft:acacia_boat":26,"minecraft:lapis_lazuli":116,"minecraft:dirt":574,"minecraft:glass_bottle":1,"minecraft:glass":10,"minecraft:bone":18,"minecraft:acacia_planks":35,"minecraft:apple":2,"minecraft:wheat_seeds":24,"minecraft:raw_gold":24,"minecraft:rabbit_hide":1,"minecraft:iron_ingot":33,"minecraft:grindstone":7,"minecraft:stone_pickaxe":1,"minecraft:dark_oak_sign":3,"minecraft:fletching_table":10,"minecraft:diamond_helmet":3,"minecraft:rabbit":1,"minecraft:oak_planks":4,"minecraft:oak_slab":13,"minecraft:nether_quartz_ore":8,"minecraft:cooked_porkchop":10,"minecraft:quartz":286,"minecraft:dandelion":20,"minecraft:gravel":199,"minecraft:sand":835,"minecraft:spruce_sapling":20,"minecraft:white_bed":6,"minecraft:spruce_log":328,"minecraft:dark_oak_log":307,"minecraft:spider_eye":1,"minecraft:mossy_cobblestone":2,"minecraft:diamond_shovel":2,"minecraft:coal_ore":3,"minecraft:yellow_carpet":3,"minecraft:sugar":5,"minecraft:diamond":261,"minecraft:stone_axe":1,"minecraft:granite":2,"minecraft:diamond_axe":2,"minecraft:golden_apple":1,"minecraft:bread":83,"minecraft:emerald":21,"minecraft:baked_potato":1,"minecraft:netherrack":2545,"minecraft:coal":181,"minecraft:diamond_pickaxe":4},"minecraft:killed":{"minecraft:witch":2,"minecraft:spider":7,"minecraft:skeleton":20,"minecraft:pig":4,"minecraft:zombie_villager":1,"minecraft:rabbit":1,"minecraft:iron_golem":6,"minecraft:creeper":8,"minecraft:pillager":8,"minecraft:zombie":55,"minecraft:cow":10}},"DataVersion":3953}