{"stats":{"minecraft:mined":{"minecraft:lime_bed":3,"minecraft:sand":26},"minecraft:killed_by":{"minecraft:skeleton":1,"minecraft:creeper":1},"minecraft:used":{"minecraft:lime_bed":2,"minecraft:bread":3,"minecraft:golden_chestplate":1},"minecraft:custom":{"minecraft:time_since_rest":1573,"minecraft:open_chest":2,"minecraft:damage_taken":695,"minecraft:crouch_one_cm":121,"minecraft:play_time":16948,"minecraft:sprint_one_cm":84179,"minecraft:deaths":2,"minecraft:walk_one_cm":24893,"minecraft:sneak_time":32,"minecraft:walk_under_water_one_cm":134,"minecraft:jump":590,"minecraft:leave_game":3,"minecraft:time_since_death":8390,"minecraft:walk_on_water_one_cm":7678,"minecraft:sleep_in_bed":3,"minecraft:total_world_time":16948,"minecraft:swim_one_cm":3511,"minecraft:talked_to_villager":3,"minecraft:fall_one_cm":17639,"minecraft:fly_one_cm":184795},"minecraft:picked_up":{"minecraft:lime_bed":3,"minecraft:sandstone":1,"minecraft:cut_sandstone":1,"minecraft:rabbit_hide":1,"minecraft:sand":26,"minecraft:rabbit":1}},"DataVersion":3953}