{"stats":{"minecraft:custom":{"minecraft:time_since_rest":443,"minecraft:open_chest":2,"minecraft:crouch_one_cm":121,"minecraft:sprint_one_cm":73430,"minecraft:play_time":14833,"minecraft:deaths":2,"minecraft:damage_taken":675,"minecraft:walk_one_cm":22016,"minecraft:sneak_time":32,"minecraft:walk_under_water_one_cm":134,"minecraft:jump":547,"minecraft:leave_game":2,"minecraft:walk_on_water_one_cm":7165,"minecraft:time_since_death":6275,"minecraft:sleep_in_bed":2,"minecraft:total_world_time":14833,"minecraft:swim_one_cm":3511,"minecraft:talked_to_villager":3,"minecraft:fall_one_cm":16817,"minecraft:fly_one_cm":174828},"minecraft:picked_up":{"minecraft:lime_bed":2,"minecraft:sandstone":1,"minecraft:cut_sandstone":1,"minecraft:rabbit_hide":1,"minecraft:sand":26,"minecraft:rabbit":1},"minecraft:mined":{"minecraft:lime_bed":2,"minecraft:sand":26},"minecraft:used":{"minecraft:lime_bed":1,"minecraft:bread":3,"minecraft:golden_chestplate":1},"minecraft:killed_by":{"minecraft:skeleton":1,"minecraft:creeper":1}},"DataVersion":3953}