{"stats":{"minecraft:used":{"minecraft:cooked_mutton":1,"minecraft:wooden_axe":26,"minecraft:stone_pickaxe":8,"minecraft:wooden_pickaxe":59,"minecraft:stone_axe":1,"minecraft:crafting_table":2,"minecraft:furnace":1,"minecraft:cooked_beef":2},"minecraft:broken":{"minecraft:wooden_pickaxe":1},"minecraft:mined":{"minecraft:furnace":1,"minecraft:crafting_table":2,"minecraft:short_grass":3,"minecraft:grass_block":1,"minecraft:oak_log":12,"minecraft:dirt":1,"minecraft:tall_grass":1,"minecraft:stone":66},"minecraft:crafted":{"minecraft:cooked_beef":12,"minecraft:oak_planks":48,"minecraft:crafting_table":1,"minecraft:stick":44,"minecraft:wooden_pickaxe":1,"minecraft:stone_pickaxe":1,"minecraft:wooden_axe":1,"minecraft:stone_sword":1,"minecraft:furnace":1,"minecraft:stone_axe":1,"minecraft:cooked_mutton":1},"minecraft:dropped":{"minecraft:dirt":2,"minecraft:wheat_seeds":2,"minecraft:wooden_axe":2},"minecraft:picked_up":{"minecraft:wooden_axe":1,"minecraft:crafting_table":2,"minecraft:leather":4,"minecraft:oak_log":12,"minecraft:dirt":2,"minecraft:wheat_seeds":2,"minecraft:beef":12,"minecraft:mutton":1,"minecraft:white_wool":1,"minecraft:cobblestone":66,"minecraft:furnace":1},"minecraft:custom":{"minecraft:time_since_rest":14540,"minecraft:interact_with_furnace":6,"minecraft:sprint_one_cm":66895,"minecraft:damage_taken":170,"minecraft:walk_one_cm":47833,"minecraft:mob_kills":7,"minecraft:drop":6,"minecraft:damage_dealt":681,"minecraft:swim_one_cm":2473,"minecraft:interact_with_crafting_table":6,"minecraft:fly_one_cm":24276,"minecraft:play_time":14540,"minecraft:sneak_time":21,"minecraft:walk_under_water_one_cm":907,"minecraft:jump":154,"minecraft:leave_game":2,"minecraft:walk_on_water_one_cm":8856,"minecraft:time_since_death":14540,"minecraft:total_world_time":14540,"minecraft:fall_one_cm":1834},"minecraft:killed":{"minecraft:sheep":1,"minecraft:cow":6}},"DataVersion":3953}