{"stats":{"minecraft:used":{"minecraft:iron_shovel":3,"minecraft:stone_shovel":36,"minecraft:stone_pickaxe":199,"minecraft:oak_planks":37,"minecraft:wooden_pickaxe":23,"minecraft:shield":5,"minecraft:sandstone":1,"minecraft:oak_door":1,"minecraft:torch":51,"minecraft:dirt":4,"minecraft:sand":16,"minecraft:crafting_table":11,"minecraft:granite":4,"minecraft:iron_axe":7,"minecraft:iron_pickaxe":287,"minecraft:stone_axe":105,"minecraft:cobblestone":119,"minecraft:furnace":6,"minecraft:andesite":1,"minecraft:oak_boat":1,"minecraft:cooked_beef":12,"minecraft:cobbled_deepslate":73,"minecraft:brown_bed":2},"minecraft:broken":{"minecraft:stone_pickaxe":1,"minecraft:iron_pickaxe":1},"minecraft:mined":{"minecraft:deepslate_redstone_ore":4,"minecraft:deepslate_diamond_ore":2,"minecraft:clay":34,"minecraft:crafting_table":8,"minecraft:granite":5,"minecraft:short_grass":1,"minecraft:grass_block":3,"minecraft:dead_bush":2,"minecraft:cobblestone":46,"minecraft:spruce_leaves":6,"minecraft:sugar_cane":11,"minecraft:oak_planks":4,"minecraft:mangrove_propagule":2,"minecraft:diorite":15,"minecraft:sandstone":1,"minecraft:tall_seagrass":4,"minecraft:seagrass":10,"minecraft:cactus":3,"minecraft:furnace":6,"minecraft:iron_ore":89,"minecraft:cobbled_deepslate":12,"minecraft:suspicious_sand":1,"minecraft:andesite":2,"minecraft:brown_bed":2,"minecraft:oak_log":61,"minecraft:coal_ore":123,"minecraft:gravel":1,"minecraft:sand":16,"minecraft:dirt":5,"minecraft:fern":6,"minecraft:stone":122,"minecraft:gold_ore":11,"minecraft:oak_leaves":8,"minecraft:deepslate":68},"minecraft:crafted":{"minecraft:cooked_beef":12,"minecraft:oak_door":3,"minecraft:oak_planks":244,"minecraft:stone_shovel":1,"minecraft:crafting_table":4,"minecraft:wooden_pickaxe":1,"minecraft:furnace":2,"minecraft:brown_bed":1,"minecraft:stone_axe":3,"minecraft:air":0,"minecraft:oak_boat":1,"minecraft:iron_boots":1,"minecraft:shield":1,"minecraft:iron_axe":1,"minecraft:stick":52,"minecraft:iron_ingot":54,"minecraft:stone_pickaxe":2,"minecraft:iron_pickaxe":2,"minecraft:iron_shovel":1,"minecraft:iron_leggings":1,"minecraft:torch":88},"minecraft:picked_up":{"minecraft:crafting_table":8,"minecraft:leather_chestplate":1,"minecraft:cooked_beef":7,"minecraft:clay_ball":32,"minecraft:andesite":2,"minecraft:brown_wool":3,"minecraft:leather":7,"minecraft:brown_bed":2,"minecraft:oak_log":61,"minecraft:dirt":8,"minecraft:string":2,"minecraft:bone":2,"minecraft:cobbled_deepslate":78,"minecraft:raw_gold":11,"minecraft:iron_ingot":14,"minecraft:beef":19,"minecraft:oak_boat":1,"minecraft:sugar_cane":29,"minecraft:oak_planks":12,"minecraft:furnace":6,"minecraft:stick":6,"minecraft:raw_iron":89,"minecraft:sandstone":1,"minecraft:sand":16,"minecraft:redstone":18,"minecraft:cactus":4,"minecraft:rotten_flesh":2,"minecraft:diamond":2,"minecraft:stone_axe":1,"minecraft:granite":4,"minecraft:oak_sapling":21,"minecraft:mangrove_propagule":2,"minecraft:mutton":6,"minecraft:coal":245,"minecraft:white_wool":2,"minecraft:cobblestone":167},"minecraft:dropped":{"minecraft:oak_door":2,"minecraft:stone_axe":4,"minecraft:cobbled_deepslate":1,"minecraft:stone_shovel":1,"minecraft:feather":5,"minecraft:cobblestone":3,"minecraft:clay_ball":32,"minecraft:leather_chestplate":1,"minecraft:dirt":4,"minecraft:andesite":1,"minecraft:oak_sapling":21,"minecraft:wooden_pickaxe":1,"minecraft:stone_pickaxe":1,"minecraft:paper":7,"minecraft:white_wool":1},"minecraft:custom":{"minecraft:interact_with_furnace":25,"minecraft:mob_kills":21,"minecraft:interact_with_crafting_table":21,"minecraft:leave_game":4,"minecraft:time_since_death":107064,"minecraft:sleep_in_bed":2,"minecraft:climb_one_cm":185,"minecraft:time_since_rest":2777,"minecraft:sprint_one_cm":190566,"minecraft:damage_taken":1212,"minecraft:walk_one_cm":167920,"minecraft:damage_blocked_by_shield":436,"minecraft:drop":24,"minecraft:damage_dealt":2637,"minecraft:swim_one_cm":206748,"minecraft:fly_one_cm":78974,"minecraft:open_chest":7,"minecraft:crouch_one_cm":1454,"minecraft:play_time":107609,"minecraft:deaths":1,"minecraft:sneak_time":760,"minecraft:walk_under_water_one_cm":9625,"minecraft:boat_one_cm":120084,"minecraft:jump":962,"minecraft:walk_on_water_one_cm":22423,"minecraft:total_world_time":107609,"minecraft:fall_one_cm":15795},"minecraft:killed_by":{"minecraft:zombie":1},"minecraft:killed":{"minecraft:spider":1,"minecraft:skeleton":2,"minecraft:sheep":4,"minecraft:zombie":5,"minecraft:cow":8}},"DataVersion":3953}