{"stats":{"minecraft:used":{"minecraft:iron_shovel":321,"minecraft:diamond_hoe":4877,"minecraft:ladder":4,"minecraft:chest":8,"minecraft:shield":57,"minecraft:carrot":2,"minecraft:bricks":7,"minecraft:ominous_bottle":1,"minecraft:furnace":10,"minecraft:oak_sapling":438,"minecraft:egg":15,"minecraft:potato":96,"minecraft:diorite":1,"minecraft:stone_pickaxe":199,"minecraft:oak_planks":189,"minecraft:leather_chestplate":3,"minecraft:wooden_pickaxe":23,"minecraft:sandstone":1,"minecraft:composter":2,"minecraft:diamond_axe":1588,"minecraft:sugar_cane":48,"minecraft:sand":16,"minecraft:blast_furnace":2,"minecraft:crossbow":30,"minecraft:bread":89,"minecraft:lectern":84,"minecraft:gravel":91,"minecraft:diamond_sword":145,"minecraft:smithing_table":2,"minecraft:andesite":1,"minecraft:oak_boat":1,"minecraft:bone_meal":15,"minecraft:flint_and_steel":3,"minecraft:stone_shovel":167,"minecraft:trial_key":2,"minecraft:oak_door":1,"minecraft:torch":146,"minecraft:dirt":52,"minecraft:anvil":1,"minecraft:granite":4,"minecraft:iron_hoe":752,"minecraft:iron_axe":879,"minecraft:iron_boots":2,"minecraft:diamond_chestplate":1,"minecraft:deepslate_tile_stairs":115,"minecraft:cooked_beef":19,"minecraft:cobbled_deepslate":73,"minecraft:iron_leggings":1,"minecraft:brown_bed":6,"minecraft:water_bucket":19,"minecraft:fletching_table":8,"minecraft:stonecutter":1,"minecraft:crafting_table":15,"minecraft:white_bed":7,"minecraft:oak_log":11,"minecraft:wooden_hoe":16,"minecraft:diamond_pickaxe":465,"minecraft:diamond_shovel":21,"minecraft:ominous_trial_key":2,"minecraft:mangrove_propagule":2,"minecraft:iron_pickaxe":375,"minecraft:leather_helmet":2,"minecraft:stone_axe":105,"minecraft:cobblestone":155,"minecraft:potion":1,"minecraft:white_banner":2,"minecraft:bucket":20,"minecraft:yellow_bed":9},"minecraft:broken":{"minecraft:iron_shovel":1,"minecraft:stone_pickaxe":1,"minecraft:stone_shovel":1,"minecraft:diamond_hoe":2,"minecraft:iron_hoe":3,"minecraft:leather_helmet":1,"minecraft:shield":1,"minecraft:diamond_axe":1,"minecraft:iron_axe":3,"minecraft:iron_pickaxe":1},"minecraft:mined":{"minecraft:white_bed":8,"minecraft:oak_sapling":3,"minecraft:farmland":1,"minecraft:cherry_log":26,"minecraft:granite":8,"minecraft:grass_block":51,"minecraft:composter":3,"minecraft:tuff_bricks":58,"minecraft:tall_seagrass":4,"minecraft:iron_ore":94,"minecraft:cobbled_deepslate":12,"minecraft:fire":5,"minecraft:polished_tuff":1,"minecraft:fletching_table":4,"minecraft:brown_bed":5,"minecraft:water_cauldron":4,"minecraft:dirt_path":79,"minecraft:deepslate_redstone_ore":4,"minecraft:clay":34,"minecraft:torch":1,"minecraft:chest":1,"minecraft:dead_bush":2,"minecraft:cobblestone":47,"minecraft:sugar_cane":197,"minecraft:oak_planks":21,"minecraft:wall_torch":5,"minecraft:seagrass":10,"minecraft:waxed_copper_bulb":2,"minecraft:red_candle":1,"minecraft:wheat":11,"minecraft:waxed_copper_block":1,"minecraft:oak_log":1930,"minecraft:beetroots":2,"minecraft:sand":16,"minecraft:dirt":239,"minecraft:oak_leaves":5697,"minecraft:deepslate":300,"minecraft:diamond_ore":1,"minecraft:deepslate_diamond_ore":4,"minecraft:ladder":1,"minecraft:decorated_pot":25,"minecraft:spruce_leaves":6,"minecraft:mangrove_propagule":2,"minecraft:sandstone":1,"minecraft:large_fern":1,"minecraft:hay_block":61,"minecraft:furnace":8,"minecraft:carrots":9,"minecraft:waxed_copper_grate":4,"minecraft:suspicious_sand":1,"minecraft:andesite":34,"minecraft:potatoes":39,"minecraft:stripped_oak_log":1,"minecraft:stone":240,"minecraft:smithing_table":1,"minecraft:crafting_table":8,"minecraft:short_grass":29,"minecraft:lectern":81,"minecraft:tall_grass":31,"minecraft:copper_ore":2,"minecraft:diorite":69,"minecraft:cactus":3,"minecraft:waxed_oxidized_copper_grate":5,"minecraft:birch_leaves":4,"minecraft:yellow_bed":9,"minecraft:coal_ore":147,"minecraft:cherry_leaves":6,"minecraft:gravel":138,"minecraft:gold_ore":11,"minecraft:fern":6},"minecraft:crafted":{"minecraft:oak_planks":6396,"minecraft:smooth_stone":7,"minecraft:stone":10,"minecraft:diamond_shovel":5,"minecraft:bookshelf":3,"minecraft:diamond_helmet":1,"minecraft:diamond_leggings":1,"minecraft:iron_boots":1,"minecraft:chest":7,"minecraft:bricks":11,"minecraft:oak_slab":12,"minecraft:emerald":393,"minecraft:diamond_axe":2,"minecraft:crafting_table":7,"minecraft:wooden_pickaxe":1,"minecraft:iron_helmet":12,"minecraft:chainmail_chestplate":12,"minecraft:smithing_table":1,"minecraft:brown_bed":1,"minecraft:fletching_table":4,"minecraft:lectern":3,"minecraft:wooden_hoe":1,"minecraft:iron_chestplate":3,"minecraft:book":13,"minecraft:paper":39,"minecraft:diamond_pickaxe":1,"minecraft:shield":2,"minecraft:stick":12062,"minecraft:iron_ingot":75,"minecraft:iron_pickaxe":2,"minecraft:iron_block":3,"minecraft:oak_door":3,"minecraft:stone_shovel":14,"minecraft:diamond_hoe":11,"minecraft:furnace":4,"minecraft:blast_furnace":2,"minecraft:bone_meal":15,"minecraft:flint_and_steel":1,"minecraft:iron_axe":4,"minecraft:ladder":3,"minecraft:iron_hoe":3,"minecraft:stone_pickaxe":2,"minecraft:diamond_boots":1,"minecraft:wheat":306,"minecraft:cooked_beef":12,"minecraft:diamond_sword":1,"minecraft:bucket":1,"minecraft:stone_axe":3,"minecraft:enchanted_book":3,"minecraft:bread":102,"minecraft:air":0,"minecraft:oak_boat":1,"minecraft:iron_shovel":2,"minecraft:iron_leggings":1,"minecraft:stonecutter":1,"minecraft:anvil":1,"minecraft:torch":156,"minecraft:diamond_chestplate":1},"minecraft:dropped":{"minecraft:glass_bottle":1,"minecraft:dirt":4,"minecraft:white_wool":1,"minecraft:oak_door":2,"minecraft:stone_axe":4,"minecraft:cobbled_deepslate":1,"minecraft:rotten_flesh":15,"minecraft:chainmail_chestplate":16,"minecraft:poppy":9,"minecraft:leather_chestplate":1,"minecraft:tipped_arrow":4,"minecraft:arrow":9,"minecraft:egg":4,"minecraft:wheat_seeds":8,"minecraft:poisonous_potato":2,"minecraft:feather":5,"minecraft:cobblestone":23,"minecraft:waxed_copper_grate":4,"minecraft:polished_tuff":1,"minecraft:wooden_hoe":1,"minecraft:paper":7,"minecraft:dandelion":1,"minecraft:bricks":4,"minecraft:stone_shovel":13,"minecraft:clay_ball":32,"minecraft:iron_boots":1,"minecraft:potato":35,"minecraft:iron_chestplate":1,"minecraft:andesite":1,"minecraft:oak_sapling":21,"minecraft:brown_bed":1,"minecraft:stone_pickaxe":1,"minecraft:wooden_pickaxe":1,"minecraft:brick":3,"minecraft:waxed_oxidized_copper_grate":5},"minecraft:picked_up":{"minecraft:wheat":1,"minecraft:smithing_table":1,"minecraft:brown_bed":7,"minecraft:enchanted_book":1,"minecraft:potion":2,"minecraft:string":4,"minecraft:raw_copper":8,"minecraft:iron_leggings":6,"minecraft:red_candle":4,"minecraft:beetroot":2,"minecraft:cobbled_deepslate":309,"minecraft:trial_key":3,"minecraft:iron_pickaxe":5,"minecraft:iron_boots":7,"minecraft:furnace":8,"minecraft:tipped_arrow":5,"minecraft:stick":496,"minecraft:composter":3,"minecraft:torch":34,"minecraft:cherry_log":26,"minecraft:waxed_copper_grate":4,"minecraft:diorite":53,"minecraft:cauldron":4,"minecraft:cactus":4,"minecraft:rotten_flesh":35,"minecraft:iron_block":1,"minecraft:cobblestone":378,"minecraft:leather_chestplate":7,"minecraft:feather":3,"minecraft:cooked_beef":10,"minecraft:water_bucket":5,"minecraft:andesite":34,"minecraft:brown_wool":3,"minecraft:potato":118,"minecraft:flint":9,"minecraft:dirt":360,"minecraft:bone":10,"minecraft:wheat_seeds":30,"minecraft:raw_gold":11,"minecraft:guster_banner_pattern":1,"minecraft:fletching_table":4,"minecraft:oak_planks":205,"minecraft:poisonous_potato":2,"minecraft:sand":16,"minecraft:iron_hoe":1,"minecraft:diamond":6,"minecraft:waxed_oxidized_copper_grate":5,"minecraft:granite":7,"minecraft:crossbow":1,"minecraft:breeze_rod":8,"minecraft:emerald":134,"minecraft:bread":63,"minecraft:oak_sapling":729,"minecraft:ominous_trial_key":3,"minecraft:diamond_pickaxe":1,"minecraft:crafting_table":8,"minecraft:ominous_bottle":3,"minecraft:chicken":3,"minecraft:ladder":1,"minecraft:clay_ball":32,"minecraft:music_disc_creator":1,"minecraft:brick":47,"minecraft:shield":6,"minecraft:iron_axe":2,"minecraft:iron_shovel":6,"minecraft:beef":42,"minecraft:oak_boat":1,"minecraft:poppy":16,"minecraft:chest":1,"minecraft:lectern":81,"minecraft:sugar_cane":298,"minecraft:diamond_hoe":10,"minecraft:egg":21,"minecraft:raw_iron":94,"minecraft:sandstone":1,"minecraft:carrot":16,"minecraft:redstone":18,"minecraft:arrow":64,"minecraft:diamond_chestplate":1,"minecraft:beetroot_seeds":6,"minecraft:hay_block":60,"minecraft:flow_armor_trim_smithing_template":1,"minecraft:tuff_bricks":58,"minecraft:mutton":6,"minecraft:white_wool":2,"minecraft:stripped_oak_log":1,"minecraft:golden_carrot":1,"minecraft:leather":13,"minecraft:waxed_copper_bulb":2,"minecraft:chainmail_chestplate":4,"minecraft:oak_log":2040,"minecraft:waxed_copper_block":1,"minecraft:yellow_bed":9,"minecraft:gunpowder":1,"minecraft:white_banner":2,"minecraft:apple":75,"minecraft:iron_ingot":286,"minecraft:cooked_chicken":1,"minecraft:book":2,"minecraft:dandelion":1,"minecraft:gravel":159,"minecraft:white_bed":8,"minecraft:spider_eye":1,"minecraft:polished_tuff":1,"minecraft:leather_helmet":6,"minecraft:diamond_shovel":3,"minecraft:stone_axe":1,"minecraft:diamond_axe":3,"minecraft:baked_potato":2,"minecraft:coal":410,"minecraft:mangrove_propagule":2},"minecraft:custom":{"minecraft:interact_with_crafting_table":77,"minecraft:open_barrel":1,"minecraft:bell_ring":17,"minecraft:leave_game":5,"minecraft:time_since_death":105986,"minecraft:sprint_one_cm":1315983,"minecraft:damage_blocked_by_shield":3625,"minecraft:drop":94,"minecraft:talked_to_villager":225,"minecraft:play_time":412851,"minecraft:deaths":8,"minecraft:jump":4722,"minecraft:interact_with_brewingstand":1,"minecraft:walk_on_water_one_cm":48961,"minecraft:interact_with_furnace":49,"minecraft:traded_with_villager":458,"minecraft:sleep_in_bed":21,"minecraft:damage_dealt":38721,"minecraft:crouch_one_cm":22069,"minecraft:inspect_dispenser":2,"minecraft:interact_with_smithing_table":1,"minecraft:mob_kills":145,"minecraft:interact_with_anvil":2,"minecraft:climb_one_cm":19006,"minecraft:walk_one_cm":1136739,"minecraft:sneak_time":10615,"minecraft:walk_under_water_one_cm":14193,"minecraft:boat_one_cm":120084,"minecraft:interact_with_blast_furnace":2,"minecraft:total_world_time":412851,"minecraft:interact_with_stonecutter":3,"minecraft:time_since_rest":18869,"minecraft:damage_taken":7042,"minecraft:fly_one_cm":832432,"minecraft:swim_one_cm":225252,"minecraft:open_chest":91,"minecraft:fall_one_cm":87877},"minecraft:killed_by":{"minecraft:zombie":1,"minecraft:iron_golem":5},"minecraft:killed":{"minecraft:spider":2,"minecraft:skeleton":8,"minecraft:chicken":3,"minecraft:silverfish":10,"minecraft:iron_golem":21,"minecraft:creeper":1,"minecraft:sheep":4,"minecraft:pillager":13,"minecraft:zombie":12,"minecraft:cow":18,"minecraft:husk":45,"minecraft:breeze":5,"minecraft:enderman":1}},"DataVersion":3953}