{"stats":{"minecraft:used":{"minecraft:iron_shovel":321,"minecraft:stone_shovel":167,"minecraft:diamond_hoe":3555,"minecraft:ladder":4,"minecraft:chest":5,"minecraft:shield":38,"minecraft:oak_door":1,"minecraft:torch":130,"minecraft:dirt":49,"minecraft:anvil":1,"minecraft:carrot":2,"minecraft:granite":4,"minecraft:iron_hoe":752,"minecraft:iron_axe":879,"minecraft:iron_boots":2,"minecraft:furnace":10,"minecraft:oak_sapling":266,"minecraft:egg":13,"minecraft:potato":96,"minecraft:cooked_beef":19,"minecraft:cobbled_deepslate":73,"minecraft:iron_leggings":1,"minecraft:brown_bed":6,"minecraft:water_bucket":17,"minecraft:stone_pickaxe":199,"minecraft:oak_planks":171,"minecraft:wooden_pickaxe":23,"minecraft:leather_chestplate":3,"minecraft:sandstone":1,"minecraft:composter":2,"minecraft:diamond_axe":262,"minecraft:sugar_cane":48,"minecraft:fletching_table":8,"minecraft:sand":16,"minecraft:crafting_table":15,"minecraft:blast_furnace":2,"minecraft:crossbow":6,"minecraft:white_bed":7,"minecraft:wooden_hoe":16,"minecraft:bread":44,"minecraft:mangrove_propagule":2,"minecraft:iron_pickaxe":375,"minecraft:lectern":84,"minecraft:leather_helmet":2,"minecraft:gravel":91,"minecraft:stone_axe":105,"minecraft:cobblestone":155,"minecraft:white_banner":2,"minecraft:smithing_table":2,"minecraft:bucket":18,"minecraft:andesite":1,"minecraft:yellow_bed":9,"minecraft:oak_boat":1,"minecraft:bone_meal":15},"minecraft:broken":{"minecraft:iron_shovel":1,"minecraft:stone_pickaxe":1,"minecraft:iron_axe":3,"minecraft:iron_pickaxe":1,"minecraft:stone_shovel":1,"minecraft:diamond_hoe":1,"minecraft:iron_hoe":3},"minecraft:mined":{"minecraft:white_bed":8,"minecraft:oak_sapling":3,"minecraft:farmland":1,"minecraft:deepslate_diamond_ore":2,"minecraft:cherry_log":26,"minecraft:ladder":1,"minecraft:granite":5,"minecraft:grass_block":49,"minecraft:spruce_leaves":6,"minecraft:composter":3,"minecraft:sandstone":1,"minecraft:mangrove_propagule":2,"minecraft:large_fern":1,"minecraft:hay_block":61,"minecraft:tall_seagrass":4,"minecraft:furnace":8,"minecraft:carrots":9,"minecraft:iron_ore":90,"minecraft:cobbled_deepslate":12,"minecraft:suspicious_sand":1,"minecraft:andesite":3,"minecraft:fletching_table":4,"minecraft:brown_bed":5,"minecraft:potatoes":39,"minecraft:water_cauldron":4,"minecraft:dirt_path":79,"minecraft:stripped_oak_log":1,"minecraft:stone":176,"minecraft:smithing_table":1,"minecraft:deepslate_redstone_ore":4,"minecraft:clay":34,"minecraft:crafting_table":8,"minecraft:torch":1,"minecraft:short_grass":22,"minecraft:dead_bush":2,"minecraft:lectern":81,"minecraft:copper_ore":1,"minecraft:tall_grass":27,"minecraft:cobblestone":47,"minecraft:oak_planks":4,"minecraft:sugar_cane":112,"minecraft:diorite":37,"minecraft:wall_torch":3,"minecraft:seagrass":10,"minecraft:cactus":3,"minecraft:wheat":11,"minecraft:birch_leaves":4,"minecraft:yellow_bed":9,"minecraft:coal_ore":124,"minecraft:oak_log":848,"minecraft:beetroots":2,"minecraft:cherry_leaves":6,"minecraft:dirt":235,"minecraft:sand":16,"minecraft:gravel":123,"minecraft:gold_ore":11,"minecraft:oak_leaves":4317,"minecraft:deepslate":68,"minecraft:fern":6},"minecraft:crafted":{"minecraft:oak_door":3,"minecraft:smooth_stone":7,"minecraft:oak_planks":3376,"minecraft:stone_shovel":14,"minecraft:diamond_hoe":11,"minecraft:furnace":4,"minecraft:blast_furnace":2,"minecraft:stone":7,"minecraft:bone_meal":15,"minecraft:diamond_shovel":4,"minecraft:bookshelf":3,"minecraft:iron_boots":1,"minecraft:iron_axe":4,"minecraft:ladder":3,"minecraft:iron_hoe":3,"minecraft:stone_pickaxe":2,"minecraft:chest":5,"minecraft:wheat":117,"minecraft:cooked_beef":12,"minecraft:oak_slab":12,"minecraft:emerald":202,"minecraft:diamond_axe":1,"minecraft:crafting_table":7,"minecraft:wooden_pickaxe":1,"minecraft:smithing_table":1,"minecraft:brown_bed":1,"minecraft:fletching_table":4,"minecraft:bucket":1,"minecraft:stone_axe":3,"minecraft:enchanted_book":3,"minecraft:bread":39,"minecraft:air":0,"minecraft:oak_boat":1,"minecraft:lectern":3,"minecraft:book":13,"minecraft:wooden_hoe":1,"minecraft:paper":39,"minecraft:shield":1,"minecraft:stick":6082,"minecraft:iron_ingot":75,"minecraft:iron_pickaxe":2,"minecraft:iron_block":3,"minecraft:iron_shovel":2,"minecraft:iron_leggings":1,"minecraft:anvil":1,"minecraft:torch":140},"minecraft:dropped":{"minecraft:wheat_seeds":8,"minecraft:poisonous_potato":2,"minecraft:feather":5,"minecraft:cobblestone":3,"minecraft:dirt":4,"minecraft:wooden_hoe":1,"minecraft:paper":7,"minecraft:white_wool":1,"minecraft:dandelion":1,"minecraft:oak_door":2,"minecraft:stone_axe":4,"minecraft:cobbled_deepslate":1,"minecraft:stone_shovel":13,"minecraft:clay_ball":32,"minecraft:poppy":6,"minecraft:leather_chestplate":1,"minecraft:potato":35,"minecraft:andesite":1,"minecraft:oak_sapling":21,"minecraft:brown_bed":1,"minecraft:stone_pickaxe":1,"minecraft:wooden_pickaxe":1,"minecraft:egg":2},"minecraft:picked_up":{"minecraft:crafting_table":8,"minecraft:wheat":1,"minecraft:chicken":3,"minecraft:ominous_bottle":2,"minecraft:ladder":1,"minecraft:clay_ball":32,"minecraft:smithing_table":1,"minecraft:brown_bed":7,"minecraft:shield":5,"minecraft:string":2,"minecraft:raw_copper":5,"minecraft:iron_axe":2,"minecraft:iron_leggings":5,"minecraft:iron_shovel":5,"minecraft:beetroot":2,"minecraft:cobbled_deepslate":78,"minecraft:beef":42,"minecraft:oak_boat":1,"minecraft:poppy":7,"minecraft:iron_pickaxe":5,"minecraft:lectern":81,"minecraft:sugar_cane":171,"minecraft:diamond_hoe":9,"minecraft:egg":15,"minecraft:iron_boots":5,"minecraft:furnace":8,"minecraft:raw_iron":90,"minecraft:stick":329,"minecraft:sandstone":1,"minecraft:composter":3,"minecraft:torch":18,"minecraft:cherry_log":26,"minecraft:diorite":21,"minecraft:carrot":16,"minecraft:redstone":18,"minecraft:cauldron":4,"minecraft:cactus":4,"minecraft:rotten_flesh":2,"minecraft:beetroot_seeds":6,"minecraft:hay_block":60,"minecraft:mutton":6,"minecraft:stripped_oak_log":1,"minecraft:cobblestone":283,"minecraft:white_wool":2,"minecraft:leather_chestplate":6,"minecraft:feather":3,"minecraft:cooked_beef":10,"minecraft:water_bucket":4,"minecraft:andesite":3,"minecraft:leather":13,"minecraft:brown_wool":3,"minecraft:potato":116,"minecraft:flint":9,"minecraft:oak_log":961,"minecraft:yellow_bed":9,"minecraft:gunpowder":1,"minecraft:dirt":354,"minecraft:white_banner":2,"minecraft:bone":2,"minecraft:apple":36,"minecraft:wheat_seeds":26,"minecraft:raw_gold":11,"minecraft:iron_ingot":209,"minecraft:fletching_table":4,"minecraft:oak_planks":170,"minecraft:book":2,"minecraft:dandelion":1,"minecraft:poisonous_potato":2,"minecraft:gravel":144,"minecraft:sand":16,"minecraft:white_bed":8,"minecraft:leather_helmet":5,"minecraft:iron_hoe":1,"minecraft:diamond_shovel":2,"minecraft:diamond":2,"minecraft:stone_axe":1,"minecraft:diamond_axe":2,"minecraft:granite":4,"minecraft:emerald":79,"minecraft:bread":56,"minecraft:oak_sapling":416,"minecraft:coal":373,"minecraft:mangrove_propagule":2},"minecraft:custom":{"minecraft:interact_with_smithing_table":1,"minecraft:interact_with_anvil":1,"minecraft:mob_kills":61,"minecraft:interact_with_crafting_table":60,"minecraft:bell_ring":17,"minecraft:leave_game":4,"minecraft:time_since_death":15429,"minecraft:climb_one_cm":10149,"minecraft:sprint_one_cm":904469,"minecraft:walk_one_cm":825272,"minecraft:damage_blocked_by_shield":2395,"minecraft:drop":56,"minecraft:talked_to_villager":166,"minecraft:play_time":305609,"minecraft:deaths":7,"minecraft:sneak_time":4885,"minecraft:walk_under_water_one_cm":12046,"minecraft:boat_one_cm":120084,"minecraft:jump":3622,"minecraft:interact_with_brewingstand":1,"minecraft:interact_with_blast_furnace":1,"minecraft:walk_on_water_one_cm":34155,"minecraft:total_world_time":305609,"minecraft:interact_with_furnace":45,"minecraft:traded_with_villager":233,"minecraft:sleep_in_bed":15,"minecraft:time_since_rest":4066,"minecraft:damage_taken":4965,"minecraft:damage_dealt":18359,"minecraft:swim_one_cm":223112,"minecraft:fly_one_cm":664706,"minecraft:open_chest":53,"minecraft:crouch_one_cm":17967,"minecraft:fall_one_cm":73951},"minecraft:killed_by":{"minecraft:iron_golem":4,"minecraft:zombie":1},"minecraft:killed":{"minecraft:spider":1,"minecraft:skeleton":2,"minecraft:chicken":3,"minecraft:iron_golem":13,"minecraft:creeper":1,"minecraft:sheep":4,"minecraft:pillager":13,"minecraft:zombie":5,"minecraft:cow":18}},"DataVersion":3953}