{"stats":{"minecraft:used":{"minecraft:iron_shovel":321,"minecraft:ladder":4,"minecraft:diamond_hoe":5389,"minecraft:chest":8,"minecraft:shield":69,"minecraft:carrot":2,"minecraft:obsidian":10,"minecraft:waxed_oxidized_copper":1,"minecraft:bricks":7,"minecraft:ominous_bottle":2,"minecraft:oak_sapling":556,"minecraft:furnace":10,"minecraft:egg":15,"minecraft:potato":96,"minecraft:diorite":1,"minecraft:diamond_boots":1,"minecraft:stone_pickaxe":199,"minecraft:oak_planks":269,"minecraft:wooden_pickaxe":23,"minecraft:leather_chestplate":3,"minecraft:sandstone":1,"minecraft:composter":2,"minecraft:sugar_cane":48,"minecraft:diamond_axe":2485,"minecraft:golden_apple":1,"minecraft:sand":16,"minecraft:blast_furnace":2,"minecraft:crossbow":61,"minecraft:bread":122,"minecraft:lectern":84,"minecraft:gravel":91,"minecraft:diamond_sword":303,"minecraft:smithing_table":2,"minecraft:andesite":1,"minecraft:oak_boat":1,"minecraft:bone_meal":15,"minecraft:flint_and_steel":3,"minecraft:stone_shovel":167,"minecraft:trial_key":3,"minecraft:oak_door":1,"minecraft:torch":162,"minecraft:dirt":52,"minecraft:anvil":1,"minecraft:diamond_helmet":2,"minecraft:granite":4,"minecraft:iron_hoe":752,"minecraft:iron_axe":879,"minecraft:iron_boots":2,"minecraft:diamond_chestplate":1,"minecraft:golden_carrot":3,"minecraft:deepslate_tile_stairs":115,"minecraft:cooked_beef":20,"minecraft:cobbled_deepslate":73,"minecraft:brown_bed":6,"minecraft:iron_leggings":1,"minecraft:water_bucket":40,"minecraft:baked_potato":11,"minecraft:fletching_table":8,"minecraft:stonecutter":1,"minecraft:waxed_copper_block":2,"minecraft:crafting_table":15,"minecraft:white_bed":7,"minecraft:oak_log":38,"minecraft:wooden_hoe":16,"minecraft:diamond_pickaxe":799,"minecraft:ominous_trial_key":6,"minecraft:diamond_shovel":26,"minecraft:mangrove_propagule":2,"minecraft:iron_pickaxe":375,"minecraft:leather_helmet":2,"minecraft:stone_axe":105,"minecraft:cobblestone":155,"minecraft:potion":1,"minecraft:white_banner":2,"minecraft:bucket":41,"minecraft:yellow_bed":10},"minecraft:picked_up":{"minecraft:wheat":1,"minecraft:yellow_wool":3,"minecraft:smithing_table":1,"minecraft:brown_bed":7,"minecraft:potion":2,"minecraft:enchanted_book":3,"minecraft:string":4,"minecraft:raw_copper":8,"minecraft:iron_leggings":6,"minecraft:red_candle":4,"minecraft:beetroot":2,"minecraft:cobbled_deepslate":455,"minecraft:trial_key":3,"minecraft:calcite":2,"minecraft:iron_pickaxe":5,"minecraft:furnace":8,"minecraft:iron_boots":7,"minecraft:tipped_arrow":11,"minecraft:stick":561,"minecraft:composter":3,"minecraft:torch":34,"minecraft:cherry_log":26,"minecraft:waxed_copper_grate":4,"minecraft:diorite":53,"minecraft:cauldron":4,"minecraft:cactus":4,"minecraft:rotten_flesh":81,"minecraft:iron_block":1,"minecraft:obsidian":22,"minecraft:cobblestone":426,"minecraft:leather_chestplate":7,"minecraft:feather":3,"minecraft:cooked_beef":10,"minecraft:water_bucket":5,"minecraft:andesite":34,"minecraft:brown_wool":3,"minecraft:potato":119,"minecraft:flint":9,"minecraft:tuff":14,"minecraft:dirt":360,"minecraft:bone":19,"minecraft:wheat_seeds":33,"minecraft:raw_gold":11,"minecraft:guster_banner_pattern":1,"minecraft:fletching_table":4,"minecraft:oak_planks":206,"minecraft:poisonous_potato":2,"minecraft:sand":16,"minecraft:iron_hoe":1,"minecraft:diamond":8,"minecraft:waxed_oxidized_copper_grate":6,"minecraft:granite":8,"minecraft:crossbow":2,"minecraft:breeze_rod":23,"minecraft:golden_apple":1,"minecraft:emerald":167,"minecraft:bread":63,"minecraft:oak_sapling":847,"minecraft:ominous_trial_key":7,"minecraft:diamond_pickaxe":1,"minecraft:crafting_table":8,"minecraft:ominous_bottle":3,"minecraft:chicken":3,"minecraft:ladder":1,"minecraft:clay_ball":32,"minecraft:music_disc_creator":2,"minecraft:brick":47,"minecraft:shield":8,"minecraft:wind_charge":24,"minecraft:flow_banner_pattern":1,"minecraft:iron_axe":2,"minecraft:iron_shovel":6,"minecraft:beef":69,"minecraft:oak_boat":1,"minecraft:poppy":17,"minecraft:lectern":81,"minecraft:chest":1,"minecraft:sugar_cane":422,"minecraft:diamond_hoe":10,"minecraft:waxed_oxidized_copper":1,"minecraft:egg":26,"minecraft:raw_iron":94,"minecraft:sandstone":1,"minecraft:trident":1,"minecraft:carrot":16,"minecraft:redstone":67,"minecraft:arrow":86,"minecraft:diamond_chestplate":1,"minecraft:beetroot_seeds":6,"minecraft:hay_block":60,"minecraft:flow_armor_trim_smithing_template":1,"minecraft:tuff_bricks":59,"minecraft:mutton":6,"minecraft:white_wool":2,"minecraft:stripped_oak_log":1,"minecraft:golden_carrot":2,"minecraft:leather":30,"minecraft:waxed_copper_bulb":2,"minecraft:waxed_copper_block":3,"minecraft:oak_log":2814,"minecraft:chainmail_chestplate":4,"minecraft:yellow_bed":9,"minecraft:gunpowder":1,"minecraft:white_banner":2,"minecraft:apple":80,"minecraft:iron_ingot":305,"minecraft:cooked_chicken":1,"minecraft:glass_bottle":1,"minecraft:book":2,"minecraft:smooth_basalt":2,"minecraft:dandelion":1,"minecraft:gravel":163,"minecraft:amethyst_shard":60,"minecraft:blast_furnace":1,"minecraft:white_bed":8,"minecraft:polished_tuff":2,"minecraft:spider_eye":1,"minecraft:leather_helmet":6,"minecraft:diamond_shovel":3,"minecraft:stone_axe":1,"minecraft:diamond_axe":4,"minecraft:baked_potato":16,"minecraft:mangrove_propagule":2,"minecraft:coal":410},"minecraft:broken":{"minecraft:iron_shovel":1,"minecraft:stone_pickaxe":1,"minecraft:stone_shovel":1,"minecraft:diamond_hoe":2,"minecraft:iron_hoe":3,"minecraft:leather_helmet":1,"minecraft:shield":1,"minecraft:diamond_axe":1,"minecraft:iron_axe":3,"minecraft:iron_pickaxe":1},"minecraft:mined":{"minecraft:large_amethyst_bud":3,"minecraft:white_bed":8,"minecraft:oak_sapling":5,"minecraft:farmland":1,"minecraft:cherry_log":26,"minecraft:obsidian":22,"minecraft:granite":15,"minecraft:grass_block":52,"minecraft:chiseled_tuff_bricks":1,"minecraft:composter":3,"minecraft:tuff_bricks":102,"minecraft:tall_seagrass":4,"minecraft:iron_ore":94,"minecraft:cobbled_deepslate":12,"minecraft:fire":6,"minecraft:polished_tuff":4,"minecraft:waxed_oxidized_copper_bulb":1,"minecraft:fletching_table":4,"minecraft:brown_bed":5,"minecraft:water_cauldron":4,"minecraft:dirt_path":79,"minecraft:deepslate_redstone_ore":15,"minecraft:amethyst_cluster":15,"minecraft:clay":34,"minecraft:torch":1,"minecraft:blast_furnace":1,"minecraft:calcite":2,"minecraft:chest":1,"minecraft:dead_bush":2,"minecraft:cobblestone":48,"minecraft:sugar_cane":287,"minecraft:oak_planks":21,"minecraft:wall_torch":5,"minecraft:amethyst_block":6,"minecraft:seagrass":10,"minecraft:waxed_copper_bulb":2,"minecraft:red_candle":1,"minecraft:yellow_wool":3,"minecraft:wheat":11,"minecraft:waxed_copper_block":12,"minecraft:oak_log":2709,"minecraft:beetroots":2,"minecraft:waxed_oxidized_copper":1,"minecraft:sand":16,"minecraft:dirt":241,"minecraft:smooth_basalt":2,"minecraft:oak_leaves":6246,"minecraft:deepslate":454,"minecraft:diamond_ore":1,"minecraft:tuff":15,"minecraft:deepslate_diamond_ore":4,"minecraft:ladder":1,"minecraft:decorated_pot":37,"minecraft:spruce_leaves":6,"minecraft:mangrove_propagule":2,"minecraft:sandstone":1,"minecraft:large_fern":1,"minecraft:hay_block":61,"minecraft:furnace":8,"minecraft:carrots":9,"minecraft:waxed_copper_grate":10,"minecraft:suspicious_sand":1,"minecraft:andesite":34,"minecraft:potatoes":39,"minecraft:stripped_oak_log":1,"minecraft:stone":262,"minecraft:smithing_table":1,"minecraft:crafting_table":8,"minecraft:short_grass":41,"minecraft:lectern":81,"minecraft:tall_grass":37,"minecraft:copper_ore":2,"minecraft:diorite":69,"minecraft:cactus":3,"minecraft:waxed_oxidized_copper_grate":8,"minecraft:birch_leaves":4,"minecraft:yellow_bed":9,"minecraft:coal_ore":147,"minecraft:cherry_leaves":6,"minecraft:gravel":142,"minecraft:gold_ore":11,"minecraft:fern":6},"minecraft:dropped":{"minecraft:glass_bottle":2,"minecraft:crossbow":1,"minecraft:emerald":4,"minecraft:dirt":4,"minecraft:white_wool":1,"minecraft:oak_door":2,"minecraft:stone_axe":4,"minecraft:cobbled_deepslate":21,"minecraft:rotten_flesh":61,"minecraft:oak_planks":26,"minecraft:chainmail_chestplate":16,"minecraft:music_disc_creator":1,"minecraft:poppy":10,"minecraft:leather_chestplate":1,"minecraft:tipped_arrow":10,"minecraft:arrow":11,"minecraft:egg":4,"minecraft:enchanted_book":1,"minecraft:wheat_seeds":8,"minecraft:poisonous_potato":2,"minecraft:feather":5,"minecraft:cobblestone":71,"minecraft:waxed_copper_grate":4,"minecraft:polished_tuff":2,"minecraft:granite":1,"minecraft:stick":64,"minecraft:wooden_hoe":1,"minecraft:flow_banner_pattern":1,"minecraft:paper":7,"minecraft:dandelion":1,"minecraft:smooth_basalt":2,"minecraft:bricks":4,"minecraft:diamond_hoe":1,"minecraft:stone_shovel":13,"minecraft:clay_ball":32,"minecraft:iron_boots":1,"minecraft:potato":36,"minecraft:shield":2,"minecraft:iron_chestplate":1,"minecraft:andesite":1,"minecraft:oak_sapling":21,"minecraft:brown_bed":1,"minecraft:stone_pickaxe":1,"minecraft:wooden_pickaxe":1,"minecraft:calcite":2,"minecraft:waxed_oxidized_copper_grate":6,"minecraft:brick":3},"minecraft:killed_by":{"minecraft:zombie":1,"minecraft:iron_golem":5},"minecraft:custom":{"minecraft:interact_with_crafting_table":81,"minecraft:open_barrel":3,"minecraft:bell_ring":17,"minecraft:leave_game":8,"minecraft:time_since_death":209119,"minecraft:sprint_one_cm":1767997,"minecraft:damage_blocked_by_shield":4285,"minecraft:drop":128,"minecraft:talked_to_villager":272,"minecraft:play_time":515984,"minecraft:deaths":8,"minecraft:jump":6088,"minecraft:interact_with_brewingstand":1,"minecraft:walk_on_water_one_cm":80659,"minecraft:interact_with_furnace":51,"minecraft:traded_with_villager":609,"minecraft:sleep_in_bed":25,"minecraft:damage_dealt":52245,"minecraft:crouch_one_cm":24343,"minecraft:inspect_dispenser":2,"minecraft:interact_with_smithing_table":1,"minecraft:mob_kills":234,"minecraft:interact_with_anvil":8,"minecraft:climb_one_cm":29545,"minecraft:walk_one_cm":1386303,"minecraft:sneak_time":13806,"minecraft:walk_under_water_one_cm":16911,"minecraft:boat_one_cm":120084,"minecraft:interact_with_blast_furnace":3,"minecraft:total_world_time":515984,"minecraft:interact_with_stonecutter":3,"minecraft:time_since_rest":11176,"minecraft:damage_taken":8920,"minecraft:damage_absorbed":40,"minecraft:swim_one_cm":237240,"minecraft:fly_one_cm":1095931,"minecraft:open_chest":125,"minecraft:fall_one_cm":119838},"minecraft:killed":{"minecraft:spider":2,"minecraft:skeleton":17,"minecraft:chicken":3,"minecraft:silverfish":30,"minecraft:iron_golem":23,"minecraft:creeper":1,"minecraft:sheep":4,"minecraft:pillager":13,"minecraft:zombie":27,"minecraft:cow":32,"minecraft:husk":61,"minecraft:breeze":17,"minecraft:enderman":1},"minecraft:crafted":{"minecraft:oak_planks":8580,"minecraft:smooth_stone":7,"minecraft:stone":59,"minecraft:diamond_shovel":5,"minecraft:bookshelf":3,"minecraft:diamond_helmet":2,"minecraft:diamond_leggings":1,"minecraft:iron_boots":1,"minecraft:chest":7,"minecraft:bricks":11,"minecraft:oak_slab":12,"minecraft:emerald":538,"minecraft:diamond_axe":2,"minecraft:crafting_table":7,"minecraft:wooden_pickaxe":1,"minecraft:iron_helmet":12,"minecraft:chainmail_chestplate":12,"minecraft:smithing_table":1,"minecraft:brown_bed":1,"minecraft:fletching_table":4,"minecraft:lectern":3,"minecraft:wooden_hoe":1,"minecraft:iron_chestplate":3,"minecraft:book":30,"minecraft:paper":114,"minecraft:diamond_pickaxe":1,"minecraft:shield":2,"minecraft:stick":16261,"minecraft:iron_ingot":75,"minecraft:iron_pickaxe":2,"minecraft:iron_block":3,"minecraft:oak_door":3,"minecraft:stone_shovel":14,"minecraft:diamond_hoe":11,"minecraft:furnace":4,"minecraft:blast_furnace":2,"minecraft:yellow_bed":1,"minecraft:bone_meal":15,"minecraft:flint_and_steel":1,"minecraft:iron_axe":4,"minecraft:ladder":3,"minecraft:iron_hoe":3,"minecraft:stone_pickaxe":2,"minecraft:diamond_boots":2,"minecraft:wheat":423,"minecraft:cooked_beef":13,"minecraft:diamond_sword":1,"minecraft:bucket":1,"minecraft:stone_axe":3,"minecraft:enchanted_book":7,"minecraft:bread":141,"minecraft:air":0,"minecraft:oak_boat":1,"minecraft:iron_shovel":2,"minecraft:iron_leggings":1,"minecraft:stonecutter":1,"minecraft:anvil":1,"minecraft:torch":156,"minecraft:diamond_chestplate":1}},"DataVersion":3953}