{"stats":{"minecraft:used":{"minecraft:iron_shovel":321,"minecraft:flint_and_steel":3,"minecraft:stone_shovel":167,"minecraft:ladder":4,"minecraft:diamond_hoe":4877,"minecraft:chest":8,"minecraft:shield":44,"minecraft:oak_door":1,"minecraft:torch":142,"minecraft:dirt":49,"minecraft:anvil":1,"minecraft:carrot":2,"minecraft:granite":4,"minecraft:iron_hoe":752,"minecraft:iron_axe":879,"minecraft:iron_boots":2,"minecraft:diamond_chestplate":1,"minecraft:oak_sapling":438,"minecraft:furnace":10,"minecraft:egg":14,"minecraft:potato":96,"minecraft:cooked_beef":19,"minecraft:cobbled_deepslate":73,"minecraft:brown_bed":6,"minecraft:iron_leggings":1,"minecraft:water_bucket":18,"minecraft:stone_pickaxe":199,"minecraft:oak_planks":189,"minecraft:wooden_pickaxe":23,"minecraft:leather_chestplate":3,"minecraft:sandstone":1,"minecraft:composter":2,"minecraft:sugar_cane":48,"minecraft:diamond_axe":1515,"minecraft:fletching_table":8,"minecraft:sand":16,"minecraft:crafting_table":15,"minecraft:blast_furnace":2,"minecraft:crossbow":6,"minecraft:white_bed":7,"minecraft:oak_log":11,"minecraft:wooden_hoe":16,"minecraft:diamond_pickaxe":383,"minecraft:diamond_shovel":21,"minecraft:iron_pickaxe":375,"minecraft:bread":63,"minecraft:mangrove_propagule":2,"minecraft:lectern":84,"minecraft:leather_helmet":2,"minecraft:gravel":91,"minecraft:stone_axe":105,"minecraft:cobblestone":155,"minecraft:white_banner":2,"minecraft:smithing_table":2,"minecraft:andesite":1,"minecraft:bucket":19,"minecraft:yellow_bed":9,"minecraft:oak_boat":1,"minecraft:bone_meal":15},"minecraft:broken":{"minecraft:leather_helmet":1,"minecraft:iron_shovel":1,"minecraft:stone_pickaxe":1,"minecraft:shield":1,"minecraft:diamond_axe":1,"minecraft:iron_axe":3,"minecraft:iron_pickaxe":1,"minecraft:stone_shovel":1,"minecraft:iron_hoe":3,"minecraft:diamond_hoe":2},"minecraft:crafted":{"minecraft:oak_door":3,"minecraft:smooth_stone":7,"minecraft:oak_planks":6396,"minecraft:stone_shovel":14,"minecraft:diamond_hoe":11,"minecraft:furnace":4,"minecraft:blast_furnace":2,"minecraft:stone":7,"minecraft:bone_meal":15,"minecraft:diamond_shovel":5,"minecraft:bookshelf":3,"minecraft:flint_and_steel":1,"minecraft:diamond_helmet":1,"minecraft:diamond_leggings":1,"minecraft:iron_boots":1,"minecraft:iron_axe":4,"minecraft:ladder":3,"minecraft:iron_hoe":3,"minecraft:stone_pickaxe":2,"minecraft:chest":7,"minecraft:diamond_boots":1,"minecraft:wheat":198,"minecraft:cooked_beef":12,"minecraft:oak_slab":12,"minecraft:emerald":393,"minecraft:diamond_axe":2,"minecraft:crafting_table":7,"minecraft:wooden_pickaxe":1,"minecraft:iron_helmet":12,"minecraft:chainmail_chestplate":12,"minecraft:smithing_table":1,"minecraft:brown_bed":1,"minecraft:fletching_table":4,"minecraft:bucket":1,"minecraft:stone_axe":3,"minecraft:enchanted_book":3,"minecraft:bread":66,"minecraft:air":0,"minecraft:oak_boat":1,"minecraft:lectern":3,"minecraft:book":13,"minecraft:iron_chestplate":3,"minecraft:wooden_hoe":1,"minecraft:paper":39,"minecraft:diamond_pickaxe":1,"minecraft:shield":1,"minecraft:stick":12062,"minecraft:iron_ingot":75,"minecraft:iron_pickaxe":2,"minecraft:iron_block":3,"minecraft:iron_shovel":2,"minecraft:iron_leggings":1,"minecraft:anvil":1,"minecraft:torch":156,"minecraft:diamond_chestplate":1},"minecraft:mined":{"minecraft:diamond_ore":1,"minecraft:white_bed":8,"minecraft:oak_sapling":3,"minecraft:farmland":1,"minecraft:deepslate_diamond_ore":4,"minecraft:cherry_log":26,"minecraft:ladder":1,"minecraft:granite":8,"minecraft:grass_block":49,"minecraft:spruce_leaves":6,"minecraft:composter":3,"minecraft:sandstone":1,"minecraft:mangrove_propagule":2,"minecraft:tuff_bricks":54,"minecraft:large_fern":1,"minecraft:tall_seagrass":4,"minecraft:hay_block":61,"minecraft:furnace":8,"minecraft:carrots":9,"minecraft:iron_ore":94,"minecraft:fire":3,"minecraft:cobbled_deepslate":12,"minecraft:suspicious_sand":1,"minecraft:andesite":29,"minecraft:fletching_table":4,"minecraft:brown_bed":5,"minecraft:potatoes":39,"minecraft:dirt_path":79,"minecraft:water_cauldron":4,"minecraft:stripped_oak_log":1,"minecraft:stone":220,"minecraft:smithing_table":1,"minecraft:deepslate_redstone_ore":4,"minecraft:clay":34,"minecraft:crafting_table":8,"minecraft:torch":1,"minecraft:short_grass":29,"minecraft:chest":1,"minecraft:dead_bush":2,"minecraft:lectern":81,"minecraft:copper_ore":2,"minecraft:tall_grass":31,"minecraft:cobblestone":47,"minecraft:oak_planks":21,"minecraft:sugar_cane":197,"minecraft:diorite":57,"minecraft:wall_torch":5,"minecraft:seagrass":10,"minecraft:waxed_copper_bulb":2,"minecraft:cactus":3,"minecraft:wheat":11,"minecraft:birch_leaves":4,"minecraft:waxed_copper_block":1,"minecraft:yellow_bed":9,"minecraft:coal_ore":147,"minecraft:oak_log":1930,"minecraft:beetroots":2,"minecraft:gravel":138,"minecraft:dirt":237,"minecraft:cherry_leaves":6,"minecraft:sand":16,"minecraft:gold_ore":11,"minecraft:deepslate":270,"minecraft:oak_leaves":5697,"minecraft:fern":6},"minecraft:dropped":{"minecraft:wheat_seeds":8,"minecraft:poisonous_potato":2,"minecraft:feather":5,"minecraft:cobblestone":3,"minecraft:dirt":4,"minecraft:wooden_hoe":1,"minecraft:paper":7,"minecraft:white_wool":1,"minecraft:dandelion":1,"minecraft:oak_door":2,"minecraft:stone_axe":4,"minecraft:cobbled_deepslate":1,"minecraft:stone_shovel":13,"minecraft:rotten_flesh":4,"minecraft:iron_boots":1,"minecraft:clay_ball":32,"minecraft:chainmail_chestplate":16,"minecraft:poppy":9,"minecraft:leather_chestplate":1,"minecraft:potato":35,"minecraft:iron_chestplate":1,"minecraft:andesite":1,"minecraft:oak_sapling":21,"minecraft:brown_bed":1,"minecraft:arrow":6,"minecraft:stone_pickaxe":1,"minecraft:wooden_pickaxe":1,"minecraft:egg":4},"minecraft:picked_up":{"minecraft:crafting_table":8,"minecraft:wheat":1,"minecraft:ominous_bottle":2,"minecraft:chicken":3,"minecraft:ladder":1,"minecraft:clay_ball":32,"minecraft:smithing_table":1,"minecraft:brown_bed":7,"minecraft:shield":6,"minecraft:string":2,"minecraft:raw_copper":8,"minecraft:iron_axe":2,"minecraft:iron_leggings":6,"minecraft:iron_shovel":6,"minecraft:beetroot":2,"minecraft:cobbled_deepslate":279,"minecraft:beef":42,"minecraft:oak_boat":1,"minecraft:poppy":16,"minecraft:iron_pickaxe":5,"minecraft:lectern":81,"minecraft:sugar_cane":298,"minecraft:chest":1,"minecraft:furnace":8,"minecraft:diamond_hoe":10,"minecraft:iron_boots":7,"minecraft:egg":20,"minecraft:stick":496,"minecraft:raw_iron":94,"minecraft:sandstone":1,"minecraft:composter":3,"minecraft:torch":34,"minecraft:cherry_log":26,"minecraft:diorite":41,"minecraft:carrot":16,"minecraft:redstone":18,"minecraft:cauldron":4,"minecraft:arrow":11,"minecraft:cactus":4,"minecraft:rotten_flesh":10,"minecraft:beetroot_seeds":6,"minecraft:hay_block":60,"minecraft:tuff_bricks":54,"minecraft:mutton":6,"minecraft:white_wool":2,"minecraft:cobblestone":338,"minecraft:stripped_oak_log":1,"minecraft:leather_chestplate":7,"minecraft:feather":3,"minecraft:cooked_beef":10,"minecraft:water_bucket":5,"minecraft:andesite":29,"minecraft:brown_wool":3,"minecraft:leather":13,"minecraft:potato":118,"minecraft:waxed_copper_bulb":2,"minecraft:flint":9,"minecraft:waxed_copper_block":1,"minecraft:oak_log":2040,"minecraft:chainmail_chestplate":4,"minecraft:yellow_bed":9,"minecraft:gunpowder":1,"minecraft:dirt":356,"minecraft:white_banner":2,"minecraft:bone":5,"minecraft:apple":75,"minecraft:wheat_seeds":30,"minecraft:raw_gold":11,"minecraft:iron_ingot":276,"minecraft:fletching_table":4,"minecraft:oak_planks":205,"minecraft:book":2,"minecraft:dandelion":1,"minecraft:poisonous_potato":2,"minecraft:gravel":159,"minecraft:sand":16,"minecraft:white_bed":8,"minecraft:leather_helmet":6,"minecraft:iron_hoe":1,"minecraft:diamond_shovel":3,"minecraft:diamond":5,"minecraft:stone_axe":1,"minecraft:granite":7,"minecraft:diamond_axe":3,"minecraft:bread":63,"minecraft:emerald":106,"minecraft:oak_sapling":729,"minecraft:mangrove_propagule":2,"minecraft:coal":410,"minecraft:diamond_pickaxe":1},"minecraft:custom":{"minecraft:interact_with_smithing_table":1,"minecraft:interact_with_anvil":2,"minecraft:mob_kills":77,"minecraft:interact_with_crafting_table":70,"minecraft:bell_ring":17,"minecraft:leave_game":5,"minecraft:time_since_death":75986,"minecraft:climb_one_cm":15401,"minecraft:sprint_one_cm":1201563,"minecraft:walk_one_cm":1033397,"minecraft:damage_blocked_by_shield":2845,"minecraft:drop":84,"minecraft:talked_to_villager":225,"minecraft:play_time":382851,"minecraft:sneak_time":7708,"minecraft:deaths":8,"minecraft:walk_under_water_one_cm":13189,"minecraft:boat_one_cm":120084,"minecraft:interact_with_brewingstand":1,"minecraft:jump":4361,"minecraft:interact_with_blast_furnace":2,"minecraft:walk_on_water_one_cm":37761,"minecraft:total_world_time":382851,"minecraft:interact_with_furnace":45,"minecraft:traded_with_villager":458,"minecraft:sleep_in_bed":20,"minecraft:time_since_rest":10031,"minecraft:damage_taken":5799,"minecraft:damage_dealt":28178,"minecraft:swim_one_cm":224555,"minecraft:fly_one_cm":786344,"minecraft:open_chest":76,"minecraft:crouch_one_cm":20066,"minecraft:inspect_dispenser":2,"minecraft:fall_one_cm":79908},"minecraft:killed_by":{"minecraft:iron_golem":5,"minecraft:zombie":1},"minecraft:killed":{"minecraft:spider":1,"minecraft:skeleton":4,"minecraft:chicken":3,"minecraft:husk":4,"minecraft:iron_golem":21,"minecraft:creeper":1,"minecraft:sheep":4,"minecraft:pillager":13,"minecraft:zombie":6,"minecraft:enderman":1,"minecraft:cow":18}},"DataVersion":3953}