{"stats":{"minecraft:used":{"minecraft:stone_shovel":36,"minecraft:stone_pickaxe":199,"minecraft:oak_planks":2,"minecraft:wooden_pickaxe":23,"minecraft:shield":5,"minecraft:sandstone":1,"minecraft:oak_door":1,"minecraft:torch":43,"minecraft:sand":16,"minecraft:crafting_table":11,"minecraft:iron_pickaxe":228,"minecraft:stone_axe":105,"minecraft:cobblestone":97,"minecraft:furnace":6,"minecraft:andesite":1,"minecraft:oak_boat":1,"minecraft:cooked_beef":10,"minecraft:cobbled_deepslate":73,"minecraft:brown_bed":1},"minecraft:broken":{"minecraft:stone_pickaxe":1},"minecraft:mined":{"minecraft:deepslate_diamond_ore":2,"minecraft:clay":34,"minecraft:crafting_table":7,"minecraft:granite":1,"minecraft:grass_block":3,"minecraft:dead_bush":2,"minecraft:cobblestone":46,"minecraft:sugar_cane":6,"minecraft:oak_planks":1,"minecraft:mangrove_propagule":2,"minecraft:diorite":15,"minecraft:sandstone":1,"minecraft:cactus":3,"minecraft:furnace":4,"minecraft:iron_ore":68,"minecraft:cobbled_deepslate":12,"minecraft:suspicious_sand":1,"minecraft:andesite":2,"minecraft:brown_bed":1,"minecraft:oak_log":61,"minecraft:coal_ore":123,"minecraft:sand":16,"minecraft:dirt":1,"minecraft:stone":97,"minecraft:gold_ore":11,"minecraft:oak_leaves":8,"minecraft:deepslate":67},"minecraft:crafted":{"minecraft:cooked_beef":12,"minecraft:oak_door":3,"minecraft:oak_planks":244,"minecraft:stone_shovel":1,"minecraft:crafting_table":4,"minecraft:wooden_pickaxe":1,"minecraft:furnace":2,"minecraft:brown_bed":1,"minecraft:stone_axe":3,"minecraft:air":0,"minecraft:oak_boat":1,"minecraft:iron_boots":1,"minecraft:shield":1,"minecraft:stick":32,"minecraft:iron_ingot":5,"minecraft:stone_pickaxe":2,"minecraft:iron_pickaxe":1,"minecraft:iron_leggings":1,"minecraft:torch":88},"minecraft:picked_up":{"minecraft:crafting_table":7,"minecraft:leather_chestplate":1,"minecraft:cooked_beef":7,"minecraft:clay_ball":32,"minecraft:andesite":2,"minecraft:brown_wool":3,"minecraft:leather":7,"minecraft:brown_bed":1,"minecraft:oak_log":61,"minecraft:dirt":4,"minecraft:string":2,"minecraft:bone":2,"minecraft:cobbled_deepslate":77,"minecraft:raw_gold":11,"minecraft:iron_ingot":14,"minecraft:beef":19,"minecraft:oak_boat":1,"minecraft:sugar_cane":15,"minecraft:oak_planks":9,"minecraft:furnace":4,"minecraft:stick":6,"minecraft:raw_iron":68,"minecraft:sandstone":1,"minecraft:sand":16,"minecraft:cactus":4,"minecraft:rotten_flesh":2,"minecraft:diamond":2,"minecraft:stone_axe":1,"minecraft:oak_sapling":21,"minecraft:mangrove_propagule":2,"minecraft:mutton":6,"minecraft:coal":184,"minecraft:white_wool":1,"minecraft:cobblestone":145},"minecraft:dropped":{"minecraft:oak_door":2,"minecraft:stone_axe":2,"minecraft:feather":5,"minecraft:cobblestone":3,"minecraft:clay_ball":32,"minecraft:leather_chestplate":1,"minecraft:dirt":4,"minecraft:andesite":1,"minecraft:oak_sapling":21,"minecraft:stone_pickaxe":1},"minecraft:custom":{"minecraft:interact_with_furnace":18,"minecraft:mob_kills":20,"minecraft:interact_with_crafting_table":20,"minecraft:leave_game":4,"minecraft:time_since_death":71064,"minecraft:sleep_in_bed":1,"minecraft:climb_one_cm":118,"minecraft:time_since_rest":54746,"minecraft:sprint_one_cm":110185,"minecraft:damage_taken":1063,"minecraft:walk_one_cm":136340,"minecraft:damage_blocked_by_shield":436,"minecraft:drop":17,"minecraft:damage_dealt":2347,"minecraft:swim_one_cm":182525,"minecraft:fly_one_cm":27939,"minecraft:open_chest":7,"minecraft:crouch_one_cm":236,"minecraft:play_time":71609,"minecraft:deaths":1,"minecraft:sneak_time":384,"minecraft:walk_under_water_one_cm":6584,"minecraft:boat_one_cm":120084,"minecraft:jump":571,"minecraft:walk_on_water_one_cm":15708,"minecraft:total_world_time":71609,"minecraft:fall_one_cm":7424},"minecraft:killed_by":{"minecraft:zombie":1},"minecraft:killed":{"minecraft:spider":1,"minecraft:skeleton":2,"minecraft:sheep":4,"minecraft:zombie":4,"minecraft:cow":8}},"DataVersion":3953}