{"stats":{"minecraft:used":{"minecraft:iron_shovel":321,"minecraft:stone_shovel":167,"minecraft:chest":3,"minecraft:shield":31,"minecraft:oak_door":1,"minecraft:torch":97,"minecraft:dirt":43,"minecraft:carrot":2,"minecraft:granite":4,"minecraft:iron_hoe":250,"minecraft:iron_axe":357,"minecraft:furnace":10,"minecraft:oak_sapling":28,"minecraft:egg":5,"minecraft:potato":26,"minecraft:cooked_beef":19,"minecraft:cobbled_deepslate":73,"minecraft:brown_bed":5,"minecraft:water_bucket":12,"minecraft:stone_pickaxe":199,"minecraft:oak_planks":171,"minecraft:wooden_pickaxe":23,"minecraft:leather_chestplate":1,"minecraft:sandstone":1,"minecraft:sugar_cane":45,"minecraft:fletching_table":8,"minecraft:sand":16,"minecraft:crafting_table":13,"minecraft:crossbow":6,"minecraft:white_bed":6,"minecraft:wooden_hoe":16,"minecraft:bread":19,"minecraft:mangrove_propagule":2,"minecraft:iron_pickaxe":351,"minecraft:leather_helmet":1,"minecraft:gravel":91,"minecraft:stone_axe":105,"minecraft:cobblestone":155,"minecraft:white_banner":1,"minecraft:smithing_table":1,"minecraft:bucket":13,"minecraft:andesite":1,"minecraft:yellow_bed":9,"minecraft:oak_boat":1},"minecraft:broken":{"minecraft:iron_shovel":1,"minecraft:stone_pickaxe":1,"minecraft:iron_axe":1,"minecraft:iron_pickaxe":1,"minecraft:stone_shovel":1,"minecraft:iron_hoe":1},"minecraft:mined":{"minecraft:white_bed":8,"minecraft:oak_sapling":2,"minecraft:deepslate_diamond_ore":2,"minecraft:cherry_log":26,"minecraft:granite":5,"minecraft:grass_block":48,"minecraft:spruce_leaves":6,"minecraft:composter":2,"minecraft:sandstone":1,"minecraft:mangrove_propagule":2,"minecraft:large_fern":1,"minecraft:hay_block":61,"minecraft:tall_seagrass":4,"minecraft:furnace":8,"minecraft:carrots":9,"minecraft:iron_ore":90,"minecraft:cobbled_deepslate":12,"minecraft:suspicious_sand":1,"minecraft:andesite":3,"minecraft:fletching_table":4,"minecraft:brown_bed":4,"minecraft:potatoes":5,"minecraft:water_cauldron":4,"minecraft:dirt_path":78,"minecraft:stone":160,"minecraft:deepslate_redstone_ore":4,"minecraft:clay":34,"minecraft:crafting_table":8,"minecraft:torch":1,"minecraft:short_grass":10,"minecraft:dead_bush":2,"minecraft:copper_ore":1,"minecraft:tall_grass":12,"minecraft:cobblestone":47,"minecraft:oak_planks":4,"minecraft:sugar_cane":20,"minecraft:diorite":29,"minecraft:wall_torch":1,"minecraft:seagrass":10,"minecraft:cactus":3,"minecraft:wheat":11,"minecraft:birch_leaves":4,"minecraft:yellow_bed":9,"minecraft:coal_ore":124,"minecraft:oak_log":301,"minecraft:beetroots":2,"minecraft:cherry_leaves":6,"minecraft:dirt":224,"minecraft:sand":16,"minecraft:gravel":123,"minecraft:gold_ore":11,"minecraft:oak_leaves":268,"minecraft:deepslate":68,"minecraft:fern":6},"minecraft:crafted":{"minecraft:oak_door":3,"minecraft:oak_planks":692,"minecraft:stone_shovel":2,"minecraft:furnace":3,"minecraft:iron_boots":1,"minecraft:iron_axe":2,"minecraft:iron_hoe":1,"minecraft:stone_pickaxe":2,"minecraft:chest":3,"minecraft:wheat":117,"minecraft:cooked_beef":12,"minecraft:emerald":22,"minecraft:crafting_table":5,"minecraft:wooden_pickaxe":1,"minecraft:smithing_table":1,"minecraft:brown_bed":1,"minecraft:fletching_table":4,"minecraft:bucket":1,"minecraft:stone_axe":3,"minecraft:bread":39,"minecraft:air":0,"minecraft:oak_boat":1,"minecraft:wooden_hoe":1,"minecraft:shield":1,"minecraft:stick":772,"minecraft:iron_ingot":75,"minecraft:iron_pickaxe":2,"minecraft:iron_shovel":2,"minecraft:iron_leggings":1,"minecraft:torch":108},"minecraft:dropped":{"minecraft:wheat_seeds":3,"minecraft:feather":5,"minecraft:cobblestone":3,"minecraft:dirt":4,"minecraft:wooden_hoe":1,"minecraft:paper":7,"minecraft:white_wool":1,"minecraft:oak_door":2,"minecraft:stone_axe":4,"minecraft:cobbled_deepslate":1,"minecraft:stone_shovel":1,"minecraft:clay_ball":32,"minecraft:poppy":1,"minecraft:leather_chestplate":1,"minecraft:andesite":1,"minecraft:oak_sapling":21,"minecraft:brown_bed":1,"minecraft:stone_pickaxe":1,"minecraft:wooden_pickaxe":1},"minecraft:picked_up":{"minecraft:crafting_table":8,"minecraft:wheat":1,"minecraft:ominous_bottle":1,"minecraft:clay_ball":32,"minecraft:brown_bed":6,"minecraft:shield":1,"minecraft:string":2,"minecraft:raw_copper":5,"minecraft:iron_axe":1,"minecraft:iron_leggings":1,"minecraft:iron_shovel":1,"minecraft:beetroot":2,"minecraft:cobbled_deepslate":78,"minecraft:beef":42,"minecraft:oak_boat":1,"minecraft:poppy":1,"minecraft:iron_pickaxe":1,"minecraft:sugar_cane":45,"minecraft:egg":7,"minecraft:iron_boots":1,"minecraft:furnace":8,"minecraft:raw_iron":90,"minecraft:stick":20,"minecraft:sandstone":1,"minecraft:composter":2,"minecraft:torch":7,"minecraft:cherry_log":26,"minecraft:diorite":14,"minecraft:carrot":16,"minecraft:redstone":18,"minecraft:cauldron":4,"minecraft:cactus":4,"minecraft:rotten_flesh":2,"minecraft:beetroot_seeds":6,"minecraft:hay_block":60,"minecraft:mutton":6,"minecraft:cobblestone":223,"minecraft:white_wool":2,"minecraft:leather_chestplate":2,"minecraft:cooked_beef":10,"minecraft:andesite":3,"minecraft:leather":13,"minecraft:brown_wool":3,"minecraft:potato":10,"minecraft:flint":9,"minecraft:oak_log":301,"minecraft:yellow_bed":9,"minecraft:dirt":342,"minecraft:white_banner":1,"minecraft:bone":2,"minecraft:apple":1,"minecraft:wheat_seeds":17,"minecraft:raw_gold":11,"minecraft:iron_ingot":22,"minecraft:fletching_table":4,"minecraft:oak_planks":22,"minecraft:gravel":144,"minecraft:sand":16,"minecraft:white_bed":8,"minecraft:leather_helmet":1,"minecraft:diamond":2,"minecraft:stone_axe":1,"minecraft:granite":4,"minecraft:oak_sapling":46,"minecraft:coal":307,"minecraft:mangrove_propagule":2},"minecraft:custom":{"minecraft:mob_kills":42,"minecraft:interact_with_crafting_table":41,"minecraft:bell_ring":2,"minecraft:leave_game":4,"minecraft:time_since_death":71572,"minecraft:climb_one_cm":185,"minecraft:sprint_one_cm":511049,"minecraft:walk_one_cm":421193,"minecraft:damage_blocked_by_shield":1726,"minecraft:drop":30,"minecraft:talked_to_villager":11,"minecraft:play_time":203609,"minecraft:deaths":3,"minecraft:sneak_time":3780,"minecraft:walk_under_water_one_cm":11599,"minecraft:boat_one_cm":120084,"minecraft:jump":2687,"minecraft:interact_with_brewingstand":1,"minecraft:walk_on_water_one_cm":30052,"minecraft:total_world_time":203609,"minecraft:interact_with_furnace":39,"minecraft:traded_with_villager":22,"minecraft:sleep_in_bed":7,"minecraft:time_since_rest":10787,"minecraft:damage_taken":3171,"minecraft:damage_dealt":7527,"minecraft:swim_one_cm":222523,"minecraft:fly_one_cm":455332,"minecraft:open_chest":33,"minecraft:crouch_one_cm":15633,"minecraft:fall_one_cm":60988},"minecraft:killed_by":{"minecraft:zombie":1},"minecraft:killed":{"minecraft:spider":1,"minecraft:skeleton":2,"minecraft:iron_golem":2,"minecraft:sheep":4,"minecraft:pillager":9,"minecraft:zombie":5,"minecraft:cow":18}},"DataVersion":3953}