{"stats":{"minecraft:broken":{"minecraft:iron_shovel":1,"minecraft:stone_pickaxe":1,"minecraft:stone_shovel":1,"minecraft:diamond_hoe":2,"minecraft:iron_hoe":3,"minecraft:leather_helmet":1,"minecraft:shield":2,"minecraft:diamond_axe":1,"minecraft:iron_axe":3,"minecraft:iron_pickaxe":1},"minecraft:mined":{"minecraft:large_amethyst_bud":3,"minecraft:white_bed":8,"minecraft:oak_sapling":5,"minecraft:farmland":1,"minecraft:cherry_log":26,"minecraft:obsidian":22,"minecraft:granite":79,"minecraft:grass_block":492,"minecraft:deepslate_bricks":79,"minecraft:chiseled_tuff_bricks":1,"minecraft:composter":4,"minecraft:nether_wart":7,"minecraft:tuff_bricks":102,"minecraft:tall_seagrass":4,"minecraft:magma_block":2,"minecraft:glowstone":11,"minecraft:iron_ore":100,"minecraft:cobbled_deepslate":12,"minecraft:fire":27,"minecraft:polished_tuff":4,"minecraft:waxed_oxidized_copper_bulb":1,"minecraft:fletching_table":4,"minecraft:nether_brick_stairs":1,"minecraft:brown_bed":5,"minecraft:water_cauldron":4,"minecraft:dirt_path":85,"minecraft:deepslate_redstone_ore":15,"minecraft:brown_mushroom":17,"minecraft:blackstone":83,"minecraft:amethyst_cluster":15,"minecraft:clay":34,"minecraft:torch":1,"minecraft:blast_furnace":1,"minecraft:calcite":2,"minecraft:chest":1,"minecraft:dead_bush":2,"minecraft:glass":8,"minecraft:nether_quartz_ore":28,"minecraft:cobblestone":58,"minecraft:oak_planks":41,"minecraft:sugar_cane":331,"minecraft:wall_torch":7,"minecraft:amethyst_block":6,"minecraft:seagrass":10,"minecraft:waxed_copper_bulb":2,"minecraft:red_candle":1,"minecraft:nether_wart_block":100,"minecraft:yellow_wool":3,"minecraft:wheat":11,"minecraft:waxed_copper_block":12,"minecraft:oak_log":2734,"minecraft:beetroots":2,"minecraft:waxed_oxidized_copper":1,"minecraft:sand":477,"minecraft:dirt":528,"minecraft:smooth_basalt":2,"minecraft:netherrack":814,"minecraft:deepslate":454,"minecraft:oak_leaves":6246,"minecraft:nether_gold_ore":7,"minecraft:diamond_ore":1,"minecraft:tuff":15,"minecraft:deepslate_diamond_ore":4,"minecraft:nether_bricks":46,"minecraft:ladder":1,"minecraft:decorated_pot":37,"minecraft:weeping_vines":1,"minecraft:spruce_leaves":6,"minecraft:sandstone":1,"minecraft:mangrove_propagule":2,"minecraft:crimson_stem":36,"minecraft:large_fern":1,"minecraft:hay_block":61,"minecraft:oak_trapdoor":4,"minecraft:furnace":8,"minecraft:carrots":9,"minecraft:waxed_copper_grate":10,"minecraft:suspicious_sand":1,"minecraft:andesite":83,"minecraft:potatoes":127,"minecraft:shroomlight":8,"minecraft:stripped_oak_log":1,"minecraft:stone":589,"minecraft:smithing_table":1,"minecraft:soul_sand":40,"minecraft:basalt":289,"minecraft:crafting_table":8,"minecraft:short_grass":62,"minecraft:lectern":136,"minecraft:copper_ore":8,"minecraft:tall_grass":38,"minecraft:diorite":74,"minecraft:cactus":3,"minecraft:waxed_oxidized_copper_grate":8,"minecraft:birch_leaves":4,"minecraft:yellow_bed":18,"minecraft:coal_ore":196,"minecraft:cherry_leaves":6,"minecraft:gravel":152,"minecraft:gold_ore":11,"minecraft:fern":6},"minecraft:killed_by":{"minecraft:wither_skeleton":1,"minecraft:zombie":1,"minecraft:iron_golem":6},"minecraft:custom":{"minecraft:interact_with_crafting_table":111,"minecraft:open_barrel":3,"minecraft:bell_ring":17,"minecraft:leave_game":17,"minecraft:time_since_death":292733,"minecraft:sprint_one_cm":2687297,"minecraft:damage_blocked_by_shield":5260,"minecraft:drop":208,"minecraft:talked_to_villager":375,"minecraft:play_time":886347,"minecraft:deaths":10,"minecraft:jump":10320,"minecraft:interact_with_brewingstand":1,"minecraft:walk_on_water_one_cm":144999,"minecraft:interact_with_furnace":84,"minecraft:traded_with_villager":691,"minecraft:sleep_in_bed":34,"minecraft:damage_dealt":84673,"minecraft:crouch_one_cm":93048,"minecraft:inspect_dispenser":2,"minecraft:interact_with_smithing_table":1,"minecraft:interact_with_anvil":14,"minecraft:mob_kills":350,"minecraft:climb_one_cm":39886,"minecraft:walk_one_cm":2373809,"minecraft:sneak_time":33782,"minecraft:walk_under_water_one_cm":30933,"minecraft:boat_one_cm":144276,"minecraft:interact_with_blast_furnace":3,"minecraft:total_world_time":886347,"minecraft:interact_with_stonecutter":5,"minecraft:time_since_rest":103321,"minecraft:damage_absorbed":40,"minecraft:damage_taken":12862,"minecraft:swim_one_cm":305075,"minecraft:fly_one_cm":2248816,"minecraft:open_chest":218,"minecraft:fall_one_cm":183892},"minecraft:used":{"minecraft:iron_shovel":321,"minecraft:ladder":4,"minecraft:diamond_hoe":5836,"minecraft:oak_sign":19,"minecraft:chest":10,"minecraft:shield":83,"minecraft:iron_chestplate":1,"minecraft:soul_sand":1,"minecraft:nether_bricks":3,"minecraft:carrot":2,"minecraft:obsidian":10,"minecraft:glass":430,"minecraft:waxed_oxidized_copper":1,"minecraft:bricks":7,"minecraft:iron_helmet":1,"minecraft:ominous_bottle":2,"minecraft:oak_sapling":556,"minecraft:furnace":10,"minecraft:egg":23,"minecraft:potato":464,"minecraft:diorite":1,"minecraft:diamond_boots":1,"minecraft:stone_pickaxe":199,"minecraft:oak_planks":361,"minecraft:wooden_pickaxe":23,"minecraft:leather_chestplate":3,"minecraft:sandstone":1,"minecraft:composter":10,"minecraft:sugar_cane":48,"minecraft:diamond_axe":2908,"minecraft:golden_apple":1,"minecraft:sand":24,"minecraft:blast_furnace":2,"minecraft:crossbow":61,"minecraft:bread":184,"minecraft:lectern":140,"minecraft:gravel":95,"minecraft:nether_wart_block":11,"minecraft:diamond_sword":527,"minecraft:smithing_table":2,"minecraft:andesite":1,"minecraft:oak_boat":16,"minecraft:bone_meal":120,"minecraft:oak_trapdoor":81,"minecraft:flint_and_steel":12,"minecraft:stone_shovel":167,"minecraft:trial_key":3,"minecraft:netherrack":347,"minecraft:oak_door":1,"minecraft:torch":234,"minecraft:dirt":180,"minecraft:anvil":1,"minecraft:diamond_helmet":2,"minecraft:granite":4,"minecraft:shroomlight":1,"minecraft:iron_hoe":752,"minecraft:iron_axe":879,"minecraft:iron_boots":3,"minecraft:diamond_chestplate":2,"minecraft:basalt":73,"minecraft:glowstone":3,"minecraft:golden_carrot":3,"minecraft:deepslate_tile_stairs":115,"minecraft:cooked_beef":44,"minecraft:cobbled_deepslate":73,"minecraft:brown_bed":6,"minecraft:iron_leggings":2,"minecraft:water_bucket":144,"minecraft:baked_potato":11,"minecraft:fletching_table":8,"minecraft:stonecutter":1,"minecraft:deepslate_bricks":265,"minecraft:waxed_copper_block":2,"minecraft:crafting_table":18,"minecraft:white_bed":8,"minecraft:oak_log":38,"minecraft:wooden_hoe":16,"minecraft:diamond_pickaxe":2666,"minecraft:ominous_trial_key":6,"minecraft:diamond_shovel":1265,"minecraft:mangrove_propagule":2,"minecraft:oak_button":2,"minecraft:iron_pickaxe":376,"minecraft:leather_helmet":2,"minecraft:stone_axe":105,"minecraft:cobblestone":264,"minecraft:potion":1,"minecraft:white_banner":2,"minecraft:bucket":145,"minecraft:yellow_bed":19,"minecraft:diamond_leggings":1},"minecraft:dropped":{"minecraft:cooked_beef":10,"minecraft:glass_bottle":2,"minecraft:cooked_porkchop":1,"minecraft:crossbow":1,"minecraft:emerald":6,"minecraft:dirt":23,"minecraft:gold_nugget":1,"minecraft:white_wool":1,"minecraft:oak_door":2,"minecraft:stone_axe":4,"minecraft:cobbled_deepslate":21,"minecraft:rotten_flesh":62,"minecraft:oak_planks":27,"minecraft:glowstone_dust":2,"minecraft:chainmail_chestplate":16,"minecraft:music_disc_creator":1,"minecraft:poppy":29,"minecraft:leather_chestplate":1,"minecraft:tipped_arrow":10,"minecraft:gunpowder":1,"minecraft:basalt":14,"minecraft:arrow":11,"minecraft:netherrack":339,"minecraft:egg":7,"minecraft:water_bucket":2,"minecraft:enchanted_book":1,"minecraft:bread":8,"minecraft:wheat_seeds":10,"minecraft:poisonous_potato":7,"minecraft:iron_helmet":1,"minecraft:feather":7,"minecraft:cobblestone":71,"minecraft:waxed_copper_grate":4,"minecraft:polished_tuff":2,"minecraft:granite":2,"minecraft:stick":72,"minecraft:gray_wool":2,"minecraft:wooden_hoe":1,"minecraft:iron_leggings":1,"minecraft:flow_banner_pattern":1,"minecraft:paper":7,"minecraft:dandelion":1,"minecraft:smooth_basalt":2,"minecraft:bricks":4,"minecraft:stone_sword":2,"minecraft:diamond_hoe":1,"minecraft:stone_shovel":13,"minecraft:clay_ball":32,"minecraft:iron_boots":2,"minecraft:potato":37,"minecraft:shield":2,"minecraft:iron_chestplate":2,"minecraft:andesite":1,"minecraft:oak_sapling":21,"minecraft:brown_bed":1,"minecraft:stone_pickaxe":1,"minecraft:wooden_pickaxe":1,"minecraft:calcite":2,"minecraft:waxed_oxidized_copper_grate":6,"minecraft:brick":3},"minecraft:crafted":{"minecraft:oak_planks":10224,"minecraft:smooth_stone":7,"minecraft:oak_sign":24,"minecraft:stone":59,"minecraft:diamond_shovel":5,"minecraft:bookshelf":5,"minecraft:glass":443,"minecraft:diamond_helmet":2,"minecraft:diamond_leggings":2,"minecraft:iron_boots":1,"minecraft:chest":9,"minecraft:oak_button":4,"minecraft:bricks":11,"minecraft:oak_slab":78,"minecraft:emerald":616,"minecraft:cooked_porkchop":1,"minecraft:diamond_axe":2,"minecraft:crafting_table":10,"minecraft:wooden_pickaxe":1,"minecraft:iron_helmet":12,"minecraft:chainmail_chestplate":12,"minecraft:smithing_table":1,"minecraft:brown_bed":1,"minecraft:fletching_table":4,"minecraft:lectern":5,"minecraft:iron_chestplate":3,"minecraft:book":30,"minecraft:wooden_hoe":1,"minecraft:paper":282,"minecraft:diamond_pickaxe":5,"minecraft:shield":3,"minecraft:stick":18525,"minecraft:iron_ingot":75,"minecraft:iron_pickaxe":2,"minecraft:iron_block":14,"minecraft:composter":7,"minecraft:oak_door":3,"minecraft:stone_shovel":14,"minecraft:diamond_hoe":11,"minecraft:furnace":4,"minecraft:blast_furnace":2,"minecraft:yellow_bed":1,"minecraft:bone_meal":120,"minecraft:oak_trapdoor":92,"minecraft:flint_and_steel":3,"minecraft:iron_axe":4,"minecraft:ladder":3,"minecraft:iron_hoe":3,"minecraft:stone_pickaxe":2,"minecraft:diamond_boots":2,"minecraft:wheat":540,"minecraft:cooked_beef":67,"minecraft:diamond_sword":1,"minecraft:bucket":6,"minecraft:stone_axe":3,"minecraft:glowstone":9,"minecraft:enchanted_book":7,"minecraft:bread":180,"minecraft:air":0,"minecraft:oak_boat":7,"minecraft:wooden_axe":1,"minecraft:iron_shovel":2,"minecraft:iron_leggings":1,"minecraft:stonecutter":1,"minecraft:anvil":1,"minecraft:torch":228,"minecraft:diamond_chestplate":1},"minecraft:picked_up":{"minecraft:wheat":1,"minecraft:yellow_wool":3,"minecraft:smithing_table":1,"minecraft:diamond_sword":2,"minecraft:brown_bed":7,"minecraft:potion":2,"minecraft:enchanted_book":3,"minecraft:string":10,"minecraft:raw_copper":31,"minecraft:iron_leggings":6,"minecraft:red_candle":4,"minecraft:shroomlight":23,"minecraft:beetroot":2,"minecraft:diamond_leggings":2,"minecraft:gold_nugget":67,"minecraft:cobbled_deepslate":455,"minecraft:trial_key":3,"minecraft:calcite":2,"minecraft:iron_pickaxe":6,"minecraft:furnace":8,"minecraft:iron_boots":7,"minecraft:tipped_arrow":11,"minecraft:stick":699,"minecraft:composter":4,"minecraft:torch":39,"minecraft:acacia_log":10,"minecraft:cherry_log":26,"minecraft:waxed_copper_grate":4,"minecraft:diorite":56,"minecraft:cauldron":4,"minecraft:stone_sword":2,"minecraft:cactus":4,"minecraft:rotten_flesh":90,"minecraft:iron_block":1,"minecraft:glowstone":6,"minecraft:blaze_rod":40,"minecraft:obsidian":22,"minecraft:cobblestone":761,"minecraft:magma_block":2,"minecraft:leather_chestplate":7,"minecraft:feather":10,"minecraft:cooked_beef":12,"minecraft:water_bucket":9,"minecraft:andesite":83,"minecraft:brown_wool":3,"minecraft:potato":483,"minecraft:flint":11,"minecraft:tuff":14,"minecraft:wither_skeleton_skull":1,"minecraft:dirt":1091,"minecraft:bone":53,"minecraft:wheat_seeds":57,"minecraft:raw_gold":11,"minecraft:guster_banner_pattern":1,"minecraft:fletching_table":4,"minecraft:diamond_helmet":2,"minecraft:glowstone_dust":38,"minecraft:oak_planks":228,"minecraft:poisonous_potato":7,"minecraft:sand":467,"minecraft:iron_hoe":1,"minecraft:diamond":8,"minecraft:waxed_oxidized_copper_grate":6,"minecraft:granite":72,"minecraft:crossbow":2,"minecraft:breeze_rod":23,"minecraft:golden_apple":1,"minecraft:emerald":182,"minecraft:bread":115,"minecraft:oak_sapling":847,"minecraft:netherrack":783,"minecraft:ominous_trial_key":7,"minecraft:diamond_pickaxe":3,"minecraft:crafting_table":8,"minecraft:ladder":1,"minecraft:ominous_bottle":3,"minecraft:chicken":6,"minecraft:nether_wart":98,"minecraft:clay_ball":32,"minecraft:brown_mushroom":34,"minecraft:music_disc_creator":2,"minecraft:brick":47,"minecraft:shield":10,"minecraft:wind_charge":24,"minecraft:oak_trapdoor":4,"minecraft:flow_banner_pattern":1,"minecraft:iron_axe":2,"minecraft:flint_and_steel":1,"minecraft:blackstone":227,"minecraft:iron_shovel":6,"minecraft:beef":74,"minecraft:oak_boat":14,"minecraft:poppy":42,"minecraft:lectern":136,"minecraft:chest":1,"minecraft:sugar_cane":507,"minecraft:diamond_hoe":12,"minecraft:waxed_oxidized_copper":1,"minecraft:egg":56,"minecraft:raw_iron":100,"minecraft:sandstone":1,"minecraft:trident":1,"minecraft:carrot":16,"minecraft:redstone":67,"minecraft:dark_oak_planks":2,"minecraft:weeping_vines":9,"minecraft:arrow":88,"minecraft:diamond_chestplate":3,"minecraft:beetroot_seeds":6,"minecraft:nether_bricks":45,"minecraft:deepslate_bricks":78,"minecraft:diamond_boots":2,"minecraft:hay_block":60,"minecraft:flow_armor_trim_smithing_template":1,"minecraft:gold_ingot":4,"minecraft:tuff_bricks":59,"minecraft:mutton":6,"minecraft:white_wool":2,"minecraft:stripped_oak_log":1,"minecraft:basalt":734,"minecraft:golden_carrot":2,"minecraft:crimson_stem":108,"minecraft:leather":33,"minecraft:waxed_copper_bulb":2,"minecraft:chainmail_chestplate":4,"minecraft:oak_log":2963,"minecraft:waxed_copper_block":3,"minecraft:yellow_bed":18,"minecraft:nether_wart_block":190,"minecraft:gunpowder":2,"minecraft:white_banner":2,"minecraft:apple":80,"minecraft:iron_ingot":447,"minecraft:cooked_chicken":1,"minecraft:glass_bottle":1,"minecraft:soul_sand":80,"minecraft:book":2,"minecraft:smooth_basalt":2,"minecraft:quartz":84,"minecraft:dandelion":2,"minecraft:gravel":171,"minecraft:amethyst_shard":60,"minecraft:blast_furnace":1,"minecraft:white_bed":8,"minecraft:spider_eye":1,"minecraft:polished_tuff":2,"minecraft:leather_helmet":6,"minecraft:diamond_shovel":5,"minecraft:stone_axe":1,"minecraft:diamond_axe":6,"minecraft:gray_wool":4,"minecraft:oak_button":2,"minecraft:baked_potato":16,"minecraft:mangrove_propagule":2,"minecraft:coal":467},"minecraft:killed":{"minecraft:spider":2,"minecraft:skeleton":20,"minecraft:chicken":7,"minecraft:silverfish":30,"minecraft:magma_cube":3,"minecraft:piglin":1,"minecraft:iron_golem":36,"minecraft:creeper":3,"minecraft:sheep":4,"minecraft:pillager":15,"minecraft:zombie":32,"minecraft:cow":35,"minecraft:blaze":59,"minecraft:husk":61,"minecraft:breeze":17,"minecraft:wither_skeleton":16,"minecraft:villager":3,"minecraft:enderman":3}},"DataVersion":3953}