{"stats":{"minecraft:used":{"minecraft:iron_shovel":250,"minecraft:stone_shovel":167,"minecraft:chest":2,"minecraft:shield":5,"minecraft:oak_door":1,"minecraft:torch":83,"minecraft:dirt":32,"minecraft:carrot":2,"minecraft:granite":4,"minecraft:iron_axe":41,"minecraft:furnace":10,"minecraft:oak_sapling":2,"minecraft:egg":2,"minecraft:cooked_beef":19,"minecraft:cobbled_deepslate":73,"minecraft:brown_bed":5,"minecraft:water_bucket":2,"minecraft:stone_pickaxe":199,"minecraft:oak_planks":171,"minecraft:wooden_pickaxe":23,"minecraft:leather_chestplate":1,"minecraft:sandstone":1,"minecraft:sand":16,"minecraft:crafting_table":13,"minecraft:white_bed":4,"minecraft:wooden_hoe":16,"minecraft:bread":2,"minecraft:mangrove_propagule":2,"minecraft:iron_pickaxe":293,"minecraft:leather_helmet":1,"minecraft:stone_axe":105,"minecraft:cobblestone":135,"minecraft:bucket":3,"minecraft:andesite":1,"minecraft:yellow_bed":9,"minecraft:oak_boat":1},"minecraft:broken":{"minecraft:iron_shovel":1,"minecraft:stone_pickaxe":1,"minecraft:iron_pickaxe":1,"minecraft:stone_shovel":1},"minecraft:mined":{"minecraft:white_bed":5,"minecraft:deepslate_diamond_ore":2,"minecraft:granite":5,"minecraft:grass_block":48,"minecraft:spruce_leaves":6,"minecraft:composter":2,"minecraft:sandstone":1,"minecraft:mangrove_propagule":2,"minecraft:large_fern":1,"minecraft:hay_block":55,"minecraft:tall_seagrass":4,"minecraft:furnace":8,"minecraft:carrots":1,"minecraft:iron_ore":89,"minecraft:cobbled_deepslate":12,"minecraft:suspicious_sand":1,"minecraft:andesite":2,"minecraft:brown_bed":4,"minecraft:water_cauldron":4,"minecraft:dirt_path":75,"minecraft:stone":122,"minecraft:deepslate_redstone_ore":4,"minecraft:clay":34,"minecraft:crafting_table":8,"minecraft:short_grass":6,"minecraft:dead_bush":2,"minecraft:cobblestone":46,"minecraft:oak_planks":4,"minecraft:sugar_cane":19,"minecraft:diorite":15,"minecraft:seagrass":10,"minecraft:cactus":3,"minecraft:yellow_bed":9,"minecraft:coal_ore":123,"minecraft:oak_log":68,"minecraft:dirt":210,"minecraft:sand":16,"minecraft:gravel":64,"minecraft:gold_ore":11,"minecraft:oak_leaves":24,"minecraft:deepslate":68,"minecraft:fern":6},"minecraft:crafted":{"minecraft:oak_door":3,"minecraft:oak_planks":272,"minecraft:stone_shovel":2,"minecraft:furnace":2,"minecraft:iron_boots":1,"minecraft:iron_axe":1,"minecraft:stone_pickaxe":2,"minecraft:chest":2,"minecraft:cooked_beef":12,"minecraft:crafting_table":5,"minecraft:wooden_pickaxe":1,"minecraft:brown_bed":1,"minecraft:bucket":1,"minecraft:stone_axe":3,"minecraft:air":0,"minecraft:oak_boat":1,"minecraft:wooden_hoe":1,"minecraft:shield":1,"minecraft:stick":60,"minecraft:iron_ingot":75,"minecraft:iron_pickaxe":2,"minecraft:iron_shovel":1,"minecraft:iron_leggings":1,"minecraft:torch":88},"minecraft:dropped":{"minecraft:wheat_seeds":3,"minecraft:feather":5,"minecraft:cobblestone":3,"minecraft:dirt":4,"minecraft:wooden_hoe":1,"minecraft:paper":7,"minecraft:white_wool":1,"minecraft:oak_door":2,"minecraft:stone_axe":4,"minecraft:cobbled_deepslate":1,"minecraft:stone_shovel":1,"minecraft:clay_ball":32,"minecraft:leather_chestplate":1,"minecraft:andesite":1,"minecraft:oak_sapling":21,"minecraft:brown_bed":1,"minecraft:stone_pickaxe":1,"minecraft:wooden_pickaxe":1},"minecraft:picked_up":{"minecraft:crafting_table":8,"minecraft:clay_ball":32,"minecraft:brown_bed":6,"minecraft:shield":1,"minecraft:string":2,"minecraft:iron_axe":1,"minecraft:iron_leggings":1,"minecraft:iron_shovel":1,"minecraft:cobbled_deepslate":78,"minecraft:beef":23,"minecraft:oak_boat":1,"minecraft:iron_pickaxe":1,"minecraft:sugar_cane":44,"minecraft:egg":2,"minecraft:iron_boots":1,"minecraft:furnace":8,"minecraft:raw_iron":89,"minecraft:stick":7,"minecraft:sandstone":1,"minecraft:composter":2,"minecraft:torch":5,"minecraft:carrot":5,"minecraft:redstone":18,"minecraft:cauldron":4,"minecraft:cactus":4,"minecraft:rotten_flesh":2,"minecraft:hay_block":54,"minecraft:mutton":6,"minecraft:cobblestone":184,"minecraft:white_wool":2,"minecraft:leather_chestplate":2,"minecraft:cooked_beef":10,"minecraft:andesite":2,"minecraft:leather":9,"minecraft:brown_wool":3,"minecraft:flint":2,"minecraft:oak_log":68,"minecraft:yellow_bed":9,"minecraft:dirt":326,"minecraft:bone":2,"minecraft:wheat_seeds":4,"minecraft:raw_gold":11,"minecraft:iron_ingot":19,"minecraft:oak_planks":22,"minecraft:gravel":61,"minecraft:sand":16,"minecraft:white_bed":5,"minecraft:leather_helmet":1,"minecraft:diamond":2,"minecraft:stone_axe":1,"minecraft:granite":4,"minecraft:oak_sapling":23,"minecraft:coal":306,"minecraft:mangrove_propagule":2},"minecraft:custom":{"minecraft:mob_kills":24,"minecraft:interact_with_crafting_table":28,"minecraft:bell_ring":2,"minecraft:leave_game":4,"minecraft:time_since_death":23572,"minecraft:climb_one_cm":185,"minecraft:sprint_one_cm":345777,"minecraft:walk_one_cm":298611,"minecraft:damage_blocked_by_shield":436,"minecraft:drop":29,"minecraft:play_time":155609,"minecraft:deaths":3,"minecraft:sneak_time":3235,"minecraft:walk_under_water_one_cm":10529,"minecraft:boat_one_cm":120084,"minecraft:jump":1799,"minecraft:interact_with_brewingstand":1,"minecraft:walk_on_water_one_cm":28193,"minecraft:total_world_time":155609,"minecraft:interact_with_furnace":34,"minecraft:sleep_in_bed":4,"minecraft:time_since_rest":1377,"minecraft:damage_taken":2602,"minecraft:damage_dealt":3847,"minecraft:swim_one_cm":217432,"minecraft:fly_one_cm":256017,"minecraft:open_chest":21,"minecraft:crouch_one_cm":14600,"minecraft:fall_one_cm":44357},"minecraft:killed_by":{"minecraft:zombie":1},"minecraft:killed":{"minecraft:spider":1,"minecraft:skeleton":2,"minecraft:iron_golem":1,"minecraft:sheep":4,"minecraft:zombie":5,"minecraft:cow":10}},"DataVersion":3953}