{"stats":{"minecraft:used":{"minecraft:iron_shovel":7,"minecraft:stone_shovel":36,"minecraft:stone_pickaxe":199,"minecraft:oak_planks":171,"minecraft:chest":1,"minecraft:wooden_pickaxe":23,"minecraft:shield":5,"minecraft:sandstone":1,"minecraft:oak_door":1,"minecraft:torch":83,"minecraft:dirt":4,"minecraft:sand":16,"minecraft:crafting_table":12,"minecraft:granite":4,"minecraft:wooden_hoe":16,"minecraft:mangrove_propagule":2,"minecraft:iron_axe":12,"minecraft:iron_pickaxe":287,"minecraft:stone_axe":105,"minecraft:cobblestone":119,"minecraft:oak_sapling":2,"minecraft:furnace":8,"minecraft:andesite":1,"minecraft:oak_boat":1,"minecraft:cooked_beef":16,"minecraft:cobbled_deepslate":73,"minecraft:brown_bed":2},"minecraft:broken":{"minecraft:stone_pickaxe":1,"minecraft:iron_pickaxe":1},"minecraft:mined":{"minecraft:deepslate_redstone_ore":4,"minecraft:deepslate_diamond_ore":2,"minecraft:clay":34,"minecraft:crafting_table":8,"minecraft:granite":5,"minecraft:short_grass":3,"minecraft:grass_block":7,"minecraft:dead_bush":2,"minecraft:cobblestone":46,"minecraft:spruce_leaves":6,"minecraft:sugar_cane":11,"minecraft:oak_planks":4,"minecraft:mangrove_propagule":2,"minecraft:diorite":15,"minecraft:sandstone":1,"minecraft:hay_block":15,"minecraft:large_fern":1,"minecraft:tall_seagrass":4,"minecraft:seagrass":10,"minecraft:cactus":3,"minecraft:furnace":6,"minecraft:iron_ore":89,"minecraft:cobbled_deepslate":12,"minecraft:suspicious_sand":1,"minecraft:andesite":2,"minecraft:brown_bed":2,"minecraft:oak_log":66,"minecraft:coal_ore":123,"minecraft:gravel":1,"minecraft:sand":16,"minecraft:dirt":5,"minecraft:fern":6,"minecraft:stone":122,"minecraft:gold_ore":11,"minecraft:oak_leaves":24,"minecraft:deepslate":68},"minecraft:crafted":{"minecraft:cooked_beef":12,"minecraft:oak_door":3,"minecraft:oak_planks":264,"minecraft:stone_shovel":1,"minecraft:crafting_table":4,"minecraft:wooden_pickaxe":1,"minecraft:furnace":2,"minecraft:brown_bed":1,"minecraft:stone_axe":3,"minecraft:air":0,"minecraft:oak_boat":1,"minecraft:iron_boots":1,"minecraft:wooden_hoe":1,"minecraft:shield":1,"minecraft:iron_axe":1,"minecraft:stick":52,"minecraft:iron_ingot":75,"minecraft:stone_pickaxe":2,"minecraft:iron_pickaxe":2,"minecraft:chest":1,"minecraft:iron_shovel":1,"minecraft:iron_leggings":1,"minecraft:torch":88},"minecraft:picked_up":{"minecraft:crafting_table":8,"minecraft:leather_chestplate":1,"minecraft:cooked_beef":7,"minecraft:clay_ball":32,"minecraft:andesite":2,"minecraft:brown_wool":3,"minecraft:leather":7,"minecraft:brown_bed":3,"minecraft:oak_log":66,"minecraft:dirt":8,"minecraft:string":2,"minecraft:bone":2,"minecraft:cobbled_deepslate":78,"minecraft:raw_gold":11,"minecraft:iron_ingot":14,"minecraft:beef":19,"minecraft:oak_boat":1,"minecraft:sugar_cane":29,"minecraft:oak_planks":12,"minecraft:furnace":6,"minecraft:stick":7,"minecraft:raw_iron":89,"minecraft:sandstone":1,"minecraft:sand":16,"minecraft:redstone":18,"minecraft:cactus":4,"minecraft:rotten_flesh":2,"minecraft:diamond":2,"minecraft:stone_axe":1,"minecraft:hay_block":14,"minecraft:granite":4,"minecraft:oak_sapling":23,"minecraft:mangrove_propagule":2,"minecraft:mutton":6,"minecraft:coal":245,"minecraft:white_wool":2,"minecraft:cobblestone":167},"minecraft:dropped":{"minecraft:oak_door":2,"minecraft:stone_axe":4,"minecraft:cobbled_deepslate":1,"minecraft:stone_shovel":1,"minecraft:feather":5,"minecraft:cobblestone":3,"minecraft:clay_ball":32,"minecraft:leather_chestplate":1,"minecraft:dirt":4,"minecraft:wooden_hoe":1,"minecraft:andesite":1,"minecraft:oak_sapling":21,"minecraft:brown_bed":1,"minecraft:wooden_pickaxe":1,"minecraft:stone_pickaxe":1,"minecraft:paper":7,"minecraft:white_wool":1},"minecraft:custom":{"minecraft:interact_with_furnace":31,"minecraft:mob_kills":21,"minecraft:interact_with_crafting_table":24,"minecraft:leave_game":4,"minecraft:time_since_death":243,"minecraft:sleep_in_bed":2,"minecraft:climb_one_cm":185,"minecraft:time_since_rest":273,"minecraft:sprint_one_cm":279326,"minecraft:damage_taken":1972,"minecraft:walk_one_cm":216312,"minecraft:damage_blocked_by_shield":436,"minecraft:drop":26,"minecraft:damage_dealt":2637,"minecraft:swim_one_cm":217408,"minecraft:fly_one_cm":182552,"minecraft:open_chest":10,"minecraft:crouch_one_cm":13944,"minecraft:play_time":131609,"minecraft:deaths":2,"minecraft:sneak_time":3031,"minecraft:walk_under_water_one_cm":9734,"minecraft:boat_one_cm":120084,"minecraft:interact_with_brewingstand":1,"minecraft:jump":1440,"minecraft:walk_on_water_one_cm":24543,"minecraft:total_world_time":131609,"minecraft:fall_one_cm":33400},"minecraft:killed_by":{"minecraft:zombie":1},"minecraft:killed":{"minecraft:spider":1,"minecraft:skeleton":2,"minecraft:sheep":4,"minecraft:zombie":5,"minecraft:cow":8}},"DataVersion":3953}