{"stats":{"minecraft:used":{"minecraft:iron_shovel":321,"minecraft:flint_and_steel":3,"minecraft:stone_shovel":167,"minecraft:ladder":4,"minecraft:diamond_hoe":4877,"minecraft:chest":8,"minecraft:shield":49,"minecraft:oak_door":1,"minecraft:torch":142,"minecraft:dirt":52,"minecraft:anvil":1,"minecraft:carrot":2,"minecraft:granite":4,"minecraft:iron_hoe":752,"minecraft:iron_axe":879,"minecraft:iron_boots":2,"minecraft:diamond_chestplate":1,"minecraft:ominous_bottle":1,"minecraft:deepslate_tile_stairs":115,"minecraft:oak_sapling":438,"minecraft:furnace":10,"minecraft:egg":15,"minecraft:potato":96,"minecraft:cooked_beef":19,"minecraft:cobbled_deepslate":73,"minecraft:brown_bed":6,"minecraft:iron_leggings":1,"minecraft:water_bucket":19,"minecraft:diorite":1,"minecraft:stone_pickaxe":199,"minecraft:oak_planks":189,"minecraft:wooden_pickaxe":23,"minecraft:leather_chestplate":3,"minecraft:sandstone":1,"minecraft:stonecutter":1,"minecraft:composter":2,"minecraft:sugar_cane":48,"minecraft:diamond_axe":1573,"minecraft:fletching_table":8,"minecraft:sand":16,"minecraft:crafting_table":15,"minecraft:blast_furnace":2,"minecraft:crossbow":6,"minecraft:white_bed":7,"minecraft:oak_log":11,"minecraft:wooden_hoe":16,"minecraft:diamond_pickaxe":454,"minecraft:diamond_shovel":21,"minecraft:iron_pickaxe":375,"minecraft:bread":79,"minecraft:mangrove_propagule":2,"minecraft:lectern":84,"minecraft:leather_helmet":2,"minecraft:gravel":91,"minecraft:stone_axe":105,"minecraft:diamond_sword":85,"minecraft:cobblestone":155,"minecraft:white_banner":2,"minecraft:smithing_table":2,"minecraft:andesite":1,"minecraft:bucket":20,"minecraft:yellow_bed":9,"minecraft:oak_boat":1,"minecraft:bone_meal":15},"minecraft:broken":{"minecraft:leather_helmet":1,"minecraft:iron_shovel":1,"minecraft:stone_pickaxe":1,"minecraft:shield":1,"minecraft:diamond_axe":1,"minecraft:iron_axe":3,"minecraft:iron_pickaxe":1,"minecraft:stone_shovel":1,"minecraft:iron_hoe":3,"minecraft:diamond_hoe":2},"minecraft:crafted":{"minecraft:oak_door":3,"minecraft:smooth_stone":7,"minecraft:oak_planks":6396,"minecraft:stone_shovel":14,"minecraft:diamond_hoe":11,"minecraft:furnace":4,"minecraft:blast_furnace":2,"minecraft:stone":10,"minecraft:bone_meal":15,"minecraft:diamond_shovel":5,"minecraft:bookshelf":3,"minecraft:flint_and_steel":1,"minecraft:diamond_helmet":1,"minecraft:diamond_leggings":1,"minecraft:iron_boots":1,"minecraft:iron_axe":4,"minecraft:ladder":3,"minecraft:iron_hoe":3,"minecraft:stone_pickaxe":2,"minecraft:chest":7,"minecraft:diamond_boots":1,"minecraft:wheat":306,"minecraft:cooked_beef":12,"minecraft:oak_slab":12,"minecraft:diamond_sword":1,"minecraft:emerald":393,"minecraft:diamond_axe":2,"minecraft:crafting_table":7,"minecraft:wooden_pickaxe":1,"minecraft:iron_helmet":12,"minecraft:chainmail_chestplate":12,"minecraft:smithing_table":1,"minecraft:brown_bed":1,"minecraft:fletching_table":4,"minecraft:bucket":1,"minecraft:stone_axe":3,"minecraft:enchanted_book":3,"minecraft:bread":102,"minecraft:air":0,"minecraft:oak_boat":1,"minecraft:lectern":3,"minecraft:book":13,"minecraft:iron_chestplate":3,"minecraft:wooden_hoe":1,"minecraft:paper":39,"minecraft:diamond_pickaxe":1,"minecraft:shield":2,"minecraft:stick":12062,"minecraft:iron_ingot":75,"minecraft:iron_pickaxe":2,"minecraft:stonecutter":1,"minecraft:iron_block":3,"minecraft:iron_shovel":2,"minecraft:iron_leggings":1,"minecraft:anvil":1,"minecraft:torch":156,"minecraft:diamond_chestplate":1},"minecraft:mined":{"minecraft:diamond_ore":1,"minecraft:white_bed":8,"minecraft:oak_sapling":3,"minecraft:farmland":1,"minecraft:deepslate_diamond_ore":4,"minecraft:cherry_log":26,"minecraft:ladder":1,"minecraft:granite":8,"minecraft:grass_block":51,"minecraft:spruce_leaves":6,"minecraft:composter":3,"minecraft:sandstone":1,"minecraft:mangrove_propagule":2,"minecraft:tuff_bricks":58,"minecraft:large_fern":1,"minecraft:tall_seagrass":4,"minecraft:hay_block":61,"minecraft:furnace":8,"minecraft:carrots":9,"minecraft:iron_ore":94,"minecraft:fire":3,"minecraft:cobbled_deepslate":12,"minecraft:suspicious_sand":1,"minecraft:andesite":34,"minecraft:fletching_table":4,"minecraft:brown_bed":5,"minecraft:potatoes":39,"minecraft:dirt_path":79,"minecraft:water_cauldron":4,"minecraft:stripped_oak_log":1,"minecraft:stone":240,"minecraft:smithing_table":1,"minecraft:deepslate_redstone_ore":4,"minecraft:clay":34,"minecraft:crafting_table":8,"minecraft:torch":1,"minecraft:short_grass":29,"minecraft:chest":1,"minecraft:dead_bush":2,"minecraft:lectern":81,"minecraft:copper_ore":2,"minecraft:tall_grass":31,"minecraft:cobblestone":47,"minecraft:oak_planks":21,"minecraft:sugar_cane":197,"minecraft:diorite":69,"minecraft:wall_torch":5,"minecraft:seagrass":10,"minecraft:waxed_copper_bulb":2,"minecraft:cactus":3,"minecraft:wheat":11,"minecraft:birch_leaves":4,"minecraft:waxed_copper_block":1,"minecraft:yellow_bed":9,"minecraft:coal_ore":147,"minecraft:oak_log":1930,"minecraft:beetroots":2,"minecraft:gravel":138,"minecraft:dirt":239,"minecraft:cherry_leaves":6,"minecraft:sand":16,"minecraft:gold_ore":11,"minecraft:deepslate":300,"minecraft:oak_leaves":5697,"minecraft:fern":6},"minecraft:dropped":{"minecraft:wheat_seeds":8,"minecraft:poisonous_potato":2,"minecraft:feather":5,"minecraft:cobblestone":3,"minecraft:dirt":4,"minecraft:wooden_hoe":1,"minecraft:paper":7,"minecraft:white_wool":1,"minecraft:dandelion":1,"minecraft:oak_door":2,"minecraft:stone_axe":4,"minecraft:cobbled_deepslate":1,"minecraft:stone_shovel":13,"minecraft:rotten_flesh":4,"minecraft:iron_boots":1,"minecraft:clay_ball":32,"minecraft:chainmail_chestplate":16,"minecraft:poppy":9,"minecraft:leather_chestplate":1,"minecraft:potato":35,"minecraft:iron_chestplate":1,"minecraft:andesite":1,"minecraft:oak_sapling":21,"minecraft:brown_bed":1,"minecraft:arrow":6,"minecraft:stone_pickaxe":1,"minecraft:wooden_pickaxe":1,"minecraft:egg":4},"minecraft:picked_up":{"minecraft:crafting_table":8,"minecraft:wheat":1,"minecraft:ominous_bottle":2,"minecraft:chicken":3,"minecraft:ladder":1,"minecraft:clay_ball":32,"minecraft:smithing_table":1,"minecraft:brown_bed":7,"minecraft:potion":2,"minecraft:shield":6,"minecraft:string":4,"minecraft:raw_copper":8,"minecraft:iron_axe":2,"minecraft:iron_leggings":6,"minecraft:iron_shovel":6,"minecraft:beetroot":2,"minecraft:cobbled_deepslate":309,"minecraft:beef":42,"minecraft:trial_key":3,"minecraft:oak_boat":1,"minecraft:poppy":16,"minecraft:iron_pickaxe":5,"minecraft:lectern":81,"minecraft:sugar_cane":298,"minecraft:chest":1,"minecraft:furnace":8,"minecraft:diamond_hoe":10,"minecraft:iron_boots":7,"minecraft:egg":21,"minecraft:stick":496,"minecraft:raw_iron":94,"minecraft:sandstone":1,"minecraft:composter":3,"minecraft:torch":34,"minecraft:cherry_log":26,"minecraft:diorite":53,"minecraft:carrot":16,"minecraft:redstone":18,"minecraft:cauldron":4,"minecraft:arrow":14,"minecraft:cactus":4,"minecraft:rotten_flesh":32,"minecraft:beetroot_seeds":6,"minecraft:hay_block":60,"minecraft:tuff_bricks":58,"minecraft:mutton":6,"minecraft:white_wool":2,"minecraft:cobblestone":358,"minecraft:stripped_oak_log":1,"minecraft:leather_chestplate":7,"minecraft:feather":3,"minecraft:cooked_beef":10,"minecraft:water_bucket":5,"minecraft:andesite":34,"minecraft:brown_wool":3,"minecraft:leather":13,"minecraft:potato":118,"minecraft:waxed_copper_bulb":2,"minecraft:flint":9,"minecraft:waxed_copper_block":1,"minecraft:oak_log":2040,"minecraft:chainmail_chestplate":4,"minecraft:yellow_bed":9,"minecraft:gunpowder":1,"minecraft:dirt":360,"minecraft:white_banner":2,"minecraft:bone":10,"minecraft:apple":75,"minecraft:wheat_seeds":30,"minecraft:raw_gold":11,"minecraft:cooked_chicken":1,"minecraft:iron_ingot":276,"minecraft:fletching_table":4,"minecraft:oak_planks":205,"minecraft:book":2,"minecraft:dandelion":1,"minecraft:poisonous_potato":2,"minecraft:gravel":159,"minecraft:sand":16,"minecraft:white_bed":8,"minecraft:spider_eye":1,"minecraft:leather_helmet":6,"minecraft:iron_hoe":1,"minecraft:diamond_shovel":3,"minecraft:diamond":5,"minecraft:stone_axe":1,"minecraft:breeze_rod":8,"minecraft:granite":7,"minecraft:diamond_axe":3,"minecraft:baked_potato":2,"minecraft:ominous_trial_key":2,"minecraft:bread":63,"minecraft:emerald":106,"minecraft:oak_sapling":729,"minecraft:mangrove_propagule":2,"minecraft:coal":410,"minecraft:diamond_pickaxe":1},"minecraft:custom":{"minecraft:interact_with_smithing_table":1,"minecraft:interact_with_anvil":2,"minecraft:mob_kills":128,"minecraft:interact_with_crafting_table":77,"minecraft:bell_ring":17,"minecraft:leave_game":5,"minecraft:time_since_death":93986,"minecraft:climb_one_cm":15726,"minecraft:sprint_one_cm":1262967,"minecraft:walk_one_cm":1098100,"minecraft:damage_blocked_by_shield":3145,"minecraft:drop":84,"minecraft:talked_to_villager":225,"minecraft:play_time":400851,"minecraft:sneak_time":8651,"minecraft:deaths":8,"minecraft:walk_under_water_one_cm":13189,"minecraft:boat_one_cm":120084,"minecraft:interact_with_brewingstand":1,"minecraft:jump":4633,"minecraft:interact_with_blast_furnace":2,"minecraft:walk_on_water_one_cm":46616,"minecraft:total_world_time":400851,"minecraft:interact_with_furnace":49,"minecraft:traded_with_villager":458,"minecraft:interact_with_stonecutter":3,"minecraft:sleep_in_bed":21,"minecraft:time_since_rest":6869,"minecraft:damage_taken":6471,"minecraft:damage_dealt":36087,"minecraft:swim_one_cm":224555,"minecraft:fly_one_cm":812860,"minecraft:open_chest":87,"minecraft:crouch_one_cm":20816,"minecraft:inspect_dispenser":2,"minecraft:fall_one_cm":86027},"minecraft:killed_by":{"minecraft:iron_golem":5,"minecraft:zombie":1},"minecraft:killed":{"minecraft:spider":2,"minecraft:skeleton":8,"minecraft:chicken":3,"minecraft:silverfish":10,"minecraft:husk":34,"minecraft:iron_golem":21,"minecraft:creeper":1,"minecraft:sheep":4,"minecraft:pillager":13,"minecraft:zombie":6,"minecraft:breeze":5,"minecraft:enderman":1,"minecraft:cow":18}},"DataVersion":3953}