{"stats":{"minecraft:broken":{"minecraft:shield":1,"minecraft:iron_axe":2,"minecraft:stone_axe":1,"minecraft:iron_pickaxe":2},"minecraft:mined":{"minecraft:tuff":23,"minecraft:white_bed":2,"minecraft:deepslate_diamond_ore":86,"minecraft:potted_cactus":2,"minecraft:obsidian":29,"minecraft:ladder":2,"minecraft:potted_dead_bush":1,"minecraft:granite":14,"minecraft:acacia_log":23,"minecraft:grass_block":374,"minecraft:composter":5,"minecraft:cartography_table":1,"minecraft:spawner":2,"minecraft:hay_block":65,"minecraft:tall_seagrass":2,"minecraft:furnace":5,"minecraft:iron_ore":85,"minecraft:cobbled_deepslate":45,"minecraft:andesite":23,"minecraft:deepslate_lapis_ore":6,"minecraft:dirt_path":1,"minecraft:deepslate_iron_ore":256,"minecraft:green_carpet":2,"minecraft:stone":257,"minecraft:green_bed":6,"minecraft:sandstone_slab":1,"minecraft:deepslate_redstone_ore":10,"minecraft:cut_sandstone":1,"minecraft:acacia_leaves":1,"minecraft:dandelion":4,"minecraft:smooth_sandstone":10,"minecraft:crafting_table":17,"minecraft:torch":7,"minecraft:short_grass":338,"minecraft:poppy":20,"minecraft:chest":3,"minecraft:dead_bush":75,"minecraft:copper_ore":9,"minecraft:tall_grass":12,"minecraft:cobblestone":25,"minecraft:deepslate_coal_ore":2,"minecraft:deepslate_gold_ore":78,"minecraft:lapis_ore":1,"minecraft:cyan_bed":2,"minecraft:oak_planks":4,"minecraft:sugar_cane":20,"minecraft:smooth_sandstone_slab":1,"minecraft:cactus":11,"minecraft:lime_bed":9,"minecraft:birch_log":35,"minecraft:wheat":2,"minecraft:birch_leaves":4,"minecraft:oak_log":393,"minecraft:coal_ore":111,"minecraft:beetroots":1,"minecraft:dirt":208,"minecraft:flower_pot":1,"minecraft:sand":62,"minecraft:sandstone_wall":2,"minecraft:cobweb":9,"minecraft:terracotta":5,"minecraft:gold_ore":6,"minecraft:oak_leaves":159,"minecraft:deepslate":288,"minecraft:fern":2},"minecraft:killed_by":{"minecraft:skeleton":1,"minecraft:zombie":1},"minecraft:custom":{"minecraft:mob_kills":174,"minecraft:interact_with_crafting_table":49,"minecraft:open_barrel":1,"minecraft:bell_ring":10,"minecraft:leave_game":9,"minecraft:time_since_death":340598,"minecraft:climb_one_cm":2922,"minecraft:sprint_one_cm":883373,"minecraft:walk_one_cm":948401,"minecraft:damage_blocked_by_shield":5021,"minecraft:drop":94,"minecraft:talked_to_villager":23,"minecraft:play_time":363215,"minecraft:sneak_time":16345,"minecraft:deaths":2,"minecraft:walk_under_water_one_cm":13331,"minecraft:jump":4934,"minecraft:walk_on_water_one_cm":43278,"minecraft:total_world_time":363215,"minecraft:interact_with_furnace":60,"minecraft:interact_with_grindstone":1,"minecraft:sleep_in_bed":11,"minecraft:time_since_rest":1850,"minecraft:damage_taken":5750,"minecraft:damage_dealt":32797,"minecraft:swim_one_cm":17583,"minecraft:fly_one_cm":894966,"minecraft:open_chest":59,"minecraft:crouch_one_cm":34118,"minecraft:fall_one_cm":121718},"minecraft:used":{"minecraft:stone_sword":9,"minecraft:ladder":5,"minecraft:chest":5,"minecraft:shield":95,"minecraft:iron_sword":217,"minecraft:sandstone_wall":1,"minecraft:torch":121,"minecraft:dirt":496,"minecraft:granite":12,"minecraft:lava_bucket":9,"minecraft:iron_axe":612,"minecraft:oak_sapling":16,"minecraft:furnace":10,"minecraft:cobbled_deepslate":233,"minecraft:iron_leggings":1,"minecraft:cooked_mutton":2,"minecraft:water_bucket":57,"minecraft:stone_pickaxe":70,"minecraft:oak_planks":5,"minecraft:wooden_pickaxe":45,"minecraft:sugar_cane":16,"minecraft:green_bed":6,"minecraft:sand":2,"minecraft:terracotta":1,"minecraft:red_bed":1,"minecraft:lime_bed":8,"minecraft:crafting_table":20,"minecraft:white_bed":3,"minecraft:flower_pot":2,"minecraft:diamond_pickaxe":560,"minecraft:diamond_shovel":585,"minecraft:bread":128,"minecraft:cyan_bed":2,"minecraft:iron_pickaxe":710,"minecraft:stone_axe":144,"minecraft:diamond_sword":110,"minecraft:cobblestone":108,"minecraft:cooked_porkchop":7,"minecraft:andesite":18,"minecraft:bucket":67},"minecraft:crafted":{"minecraft:oak_planks":128,"minecraft:raw_iron":36,"minecraft:furnace":5,"minecraft:diamond_shovel":1,"minecraft:raw_copper_block":3,"minecraft:cooked_mutton":5,"minecraft:diamond_block":15,"minecraft:diamond":81,"minecraft:diamond_helmet":1,"minecraft:diamond_leggings":1,"minecraft:iron_axe":4,"minecraft:ladder":3,"minecraft:stone_pickaxe":1,"minecraft:chest":2,"minecraft:diamond_boots":1,"minecraft:raw_iron_block":29,"minecraft:wheat":585,"minecraft:red_dye":1,"minecraft:diamond_sword":1,"minecraft:crafting_table":3,"minecraft:wooden_pickaxe":1,"minecraft:iron_sword":1,"minecraft:raw_gold_block":9,"minecraft:red_bed":1,"minecraft:bucket":1,"minecraft:oak_wood":3,"minecraft:stone_axe":3,"minecraft:bread":196,"minecraft:air":0,"minecraft:paper":12,"minecraft:iron_chestplate":1,"minecraft:diamond_pickaxe":1,"minecraft:shield":2,"minecraft:stick":20,"minecraft:iron_ingot":100,"minecraft:iron_pickaxe":6,"minecraft:stone_sword":1,"minecraft:iron_leggings":1,"minecraft:white_bed":1,"minecraft:acacia_planks":36,"minecraft:torch":96,"minecraft:diamond_chestplate":1},"minecraft:dropped":{"minecraft:bread":3,"minecraft:iron_sword":4,"minecraft:wheat_seeds":38,"minecraft:crafting_table":1,"minecraft:sandstone_slab":2,"minecraft:cobblestone":7,"minecraft:stick":8,"minecraft:mutton":5,"minecraft:green_carpet":2,"minecraft:iron_leggings":1,"minecraft:armadillo_scute":1,"minecraft:sand":6,"minecraft:iron_axe":1,"minecraft:iron_pickaxe":2,"minecraft:smooth_sandstone":6,"minecraft:stone_axe":1,"minecraft:sugar_cane":29,"minecraft:cobbled_deepslate":5,"minecraft:tuff":9,"minecraft:rotten_flesh":36,"minecraft:oak_planks":1,"minecraft:potato":4,"minecraft:shield":1,"minecraft:flower_pot":1,"minecraft:diamond_pickaxe":2,"minecraft:beetroot_seeds":1,"minecraft:oak_sapling":4,"minecraft:spider_eye":1,"minecraft:arrow":6,"minecraft:wooden_pickaxe":1,"minecraft:cartography_table":1,"minecraft:terracotta":3},"minecraft:picked_up":{"minecraft:crafting_table":18,"minecraft:sandstone_slab":2,"minecraft:ominous_bottle":1,"minecraft:ladder":2,"minecraft:flower_pot":4,"minecraft:shield":1,"minecraft:string":32,"minecraft:raw_copper":33,"minecraft:iron_leggings":1,"minecraft:cartography_table":1,"minecraft:cobbled_deepslate":250,"minecraft:beef":7,"minecraft:poppy":20,"minecraft:iron_pickaxe":1,"minecraft:sugar_cane":71,"minecraft:chest":3,"minecraft:birch_sapling":1,"minecraft:furnace":5,"minecraft:stick":117,"minecraft:raw_iron":382,"minecraft:composter":5,"minecraft:torch":9,"minecraft:acacia_log":23,"minecraft:green_bed":6,"minecraft:sandstone_wall":2,"minecraft:porkchop":7,"minecraft:arrow":11,"minecraft:cactus":33,"minecraft:rotten_flesh":43,"minecraft:beetroot_seeds":1,"minecraft:hay_block":65,"minecraft:armadillo_scute":2,"minecraft:obsidian":29,"minecraft:mutton":11,"minecraft:white_wool":7,"minecraft:cobblestone":239,"minecraft:birch_log":35,"minecraft:lime_bed":9,"minecraft:andesite":18,"minecraft:leather":3,"minecraft:potato":6,"minecraft:tuff":9,"minecraft:oak_log":392,"minecraft:lapis_lazuli":52,"minecraft:dirt":583,"minecraft:white_banner":1,"minecraft:smooth_sandstone":11,"minecraft:bone":29,"minecraft:apple":6,"minecraft:bow":1,"minecraft:wheat_seeds":49,"minecraft:raw_gold":84,"minecraft:rabbit_hide":1,"minecraft:iron_ingot":5,"minecraft:rabbit":1,"minecraft:iron_sword":3,"minecraft:oak_planks":5,"minecraft:acacia_sapling":1,"minecraft:cooked_porkchop":7,"minecraft:dandelion":4,"minecraft:sand":66,"minecraft:ink_sac":2,"minecraft:white_bed":2,"minecraft:cyan_bed":2,"minecraft:green_carpet":2,"minecraft:spider_eye":2,"minecraft:diamond":86,"minecraft:granite":13,"minecraft:bread":3,"minecraft:terracotta":5,"minecraft:oak_sapling":60,"minecraft:coal":154,"minecraft:diamond_pickaxe":2},"minecraft:killed":{"minecraft:armadillo":1,"minecraft:cave_spider":1,"minecraft:witch":2,"minecraft:spider":14,"minecraft:skeleton":27,"minecraft:drowned":1,"minecraft:husk":18,"minecraft:pig":4,"minecraft:iron_golem":1,"minecraft:rabbit":1,"minecraft:creeper":4,"minecraft:squid":1,"minecraft:sheep":6,"minecraft:pillager":5,"minecraft:zombie":76,"minecraft:cow":3}},"DataVersion":3953}