{"stats":{"minecraft:broken":{"minecraft:shield":1,"minecraft:iron_axe":2,"minecraft:stone_axe":1,"minecraft:iron_pickaxe":2},"minecraft:mined":{"minecraft:dark_oak_planks":12,"minecraft:tuff":23,"minecraft:white_bed":2,"minecraft:deepslate_diamond_ore":86,"minecraft:cherry_log":14,"minecraft:potted_cactus":2,"minecraft:obsidian":29,"minecraft:potted_dead_bush":1,"minecraft:ladder":2,"minecraft:granite":14,"minecraft:acacia_log":23,"minecraft:grass_block":395,"minecraft:spruce_leaves":2,"minecraft:composter":5,"minecraft:cartography_table":1,"minecraft:spawner":2,"minecraft:hay_block":65,"minecraft:tall_seagrass":4,"minecraft:furnace":5,"minecraft:fire":2,"minecraft:iron_ore":85,"minecraft:cobbled_deepslate":45,"minecraft:andesite":23,"minecraft:deepslate_lapis_ore":6,"minecraft:dirt_path":1,"minecraft:deepslate_iron_ore":256,"minecraft:lantern":3,"minecraft:green_carpet":2,"minecraft:bamboo":9,"minecraft:stone":272,"minecraft:green_bed":6,"minecraft:sandstone_slab":1,"minecraft:deepslate_redstone_ore":10,"minecraft:cut_sandstone":1,"minecraft:acacia_leaves":1,"minecraft:dandelion":4,"minecraft:smooth_sandstone":10,"minecraft:crafting_table":19,"minecraft:torch":7,"minecraft:short_grass":360,"minecraft:poppy":22,"minecraft:lectern":9,"minecraft:chest":3,"minecraft:dead_bush":96,"minecraft:copper_ore":9,"minecraft:tall_grass":12,"minecraft:cobblestone":25,"minecraft:deepslate_coal_ore":2,"minecraft:deepslate_gold_ore":78,"minecraft:lapis_ore":1,"minecraft:cyan_bed":2,"minecraft:oak_planks":4,"minecraft:sugar_cane":48,"minecraft:smooth_sandstone_slab":1,"minecraft:seagrass":2,"minecraft:cactus":15,"minecraft:lime_bed":9,"minecraft:birch_log":35,"minecraft:wheat":2,"minecraft:birch_leaves":4,"minecraft:oak_log":426,"minecraft:coal_ore":124,"minecraft:beetroots":1,"minecraft:cherry_leaves":15,"minecraft:dripstone_block":2,"minecraft:dirt":214,"minecraft:flower_pot":1,"minecraft:sand":114,"minecraft:sandstone_wall":2,"minecraft:cobweb":9,"minecraft:terracotta":5,"minecraft:gold_ore":6,"minecraft:oak_leaves":168,"minecraft:deepslate":288,"minecraft:fern":4},"minecraft:killed_by":{"minecraft:skeleton":1,"minecraft:zombie":1},"minecraft:custom":{"minecraft:interact_with_anvil":1,"minecraft:mob_kills":216,"minecraft:interact_with_crafting_table":75,"minecraft:open_barrel":1,"minecraft:bell_ring":10,"minecraft:leave_game":12,"minecraft:time_since_death":423558,"minecraft:climb_one_cm":5839,"minecraft:sprint_one_cm":1156144,"minecraft:walk_one_cm":1165317,"minecraft:damage_blocked_by_shield":5135,"minecraft:drop":124,"minecraft:talked_to_villager":72,"minecraft:play_time":446175,"minecraft:sneak_time":17115,"minecraft:deaths":2,"minecraft:walk_under_water_one_cm":17090,"minecraft:boat_one_cm":79860,"minecraft:jump":6302,"minecraft:walk_on_water_one_cm":63086,"minecraft:total_world_time":446175,"minecraft:interact_with_furnace":119,"minecraft:traded_with_villager":75,"minecraft:interact_with_grindstone":1,"minecraft:sleep_in_bed":16,"minecraft:time_since_rest":9391,"minecraft:damage_taken":6684,"minecraft:damage_dealt":39233,"minecraft:swim_one_cm":37423,"minecraft:fly_one_cm":1244258,"minecraft:open_chest":84,"minecraft:crouch_one_cm":37510,"minecraft:fall_one_cm":156859},"minecraft:used":{"minecraft:stone_sword":9,"minecraft:ladder":5,"minecraft:chest":5,"minecraft:shield":98,"minecraft:iron_sword":217,"minecraft:sandstone_wall":1,"minecraft:torch":121,"minecraft:dirt":501,"minecraft:granite":12,"minecraft:lava_bucket":9,"minecraft:iron_axe":727,"minecraft:oak_sapling":16,"minecraft:furnace":10,"minecraft:egg":4,"minecraft:cooked_beef":3,"minecraft:cobbled_deepslate":233,"minecraft:iron_leggings":1,"minecraft:cooked_mutton":3,"minecraft:water_bucket":58,"minecraft:stone_pickaxe":70,"minecraft:oak_planks":5,"minecraft:wooden_pickaxe":45,"minecraft:sugar_cane":16,"minecraft:green_bed":6,"minecraft:sand":2,"minecraft:terracotta":1,"minecraft:red_bed":1,"minecraft:lime_bed":8,"minecraft:crafting_table":22,"minecraft:white_bed":3,"minecraft:flower_pot":2,"minecraft:diamond_pickaxe":594,"minecraft:diamond_shovel":646,"minecraft:iron_pickaxe":710,"minecraft:bread":147,"minecraft:cyan_bed":2,"minecraft:lectern":10,"minecraft:stone_axe":144,"minecraft:diamond_sword":221,"minecraft:cobblestone":108,"minecraft:cooked_porkchop":11,"minecraft:cooked_rabbit":1,"minecraft:andesite":18,"minecraft:bucket":68,"minecraft:oak_boat":3},"minecraft:crafted":{"minecraft:cherry_planks":44,"minecraft:oak_planks":1123,"minecraft:raw_iron":36,"minecraft:cherry_slab":12,"minecraft:cooked_chicken":4,"minecraft:furnace":5,"minecraft:diamond_shovel":1,"minecraft:bookshelf":1,"minecraft:raw_copper_block":3,"minecraft:cooked_mutton":22,"minecraft:diamond_block":15,"minecraft:diamond":81,"minecraft:diamond_helmet":1,"minecraft:diamond_leggings":1,"minecraft:iron_axe":4,"minecraft:ladder":3,"minecraft:stone_pickaxe":1,"minecraft:chest":2,"minecraft:diamond_boots":1,"minecraft:cooked_rabbit":1,"minecraft:raw_iron_block":29,"minecraft:wheat":585,"minecraft:cooked_beef":3,"minecraft:red_dye":1,"minecraft:diamond_sword":1,"minecraft:emerald":70,"minecraft:cooked_porkchop":6,"minecraft:crafting_table":4,"minecraft:wooden_pickaxe":1,"minecraft:iron_sword":1,"minecraft:raw_gold_block":9,"minecraft:red_bed":1,"minecraft:enchanted_book":5,"minecraft:birch_planks":116,"minecraft:bucket":1,"minecraft:oak_wood":3,"minecraft:stone_axe":3,"minecraft:bread":196,"minecraft:air":0,"minecraft:oak_boat":1,"minecraft:lectern":1,"minecraft:iron_chestplate":1,"minecraft:book":4,"minecraft:paper":12,"minecraft:diamond_pickaxe":2,"minecraft:shield":2,"minecraft:stick":2224,"minecraft:iron_ingot":100,"minecraft:iron_pickaxe":6,"minecraft:stone_sword":1,"minecraft:iron_leggings":1,"minecraft:white_bed":1,"minecraft:acacia_planks":36,"minecraft:torch":96,"minecraft:diamond_chestplate":1},"minecraft:dropped":{"minecraft:water_bucket":1,"minecraft:bread":4,"minecraft:iron_sword":4,"minecraft:wheat_seeds":51,"minecraft:crafting_table":1,"minecraft:sandstone_slab":2,"minecraft:feather":4,"minecraft:cobblestone":7,"minecraft:acacia_log":10,"minecraft:stick":14,"minecraft:dirt":11,"minecraft:gray_wool":4,"minecraft:torch":1,"minecraft:mutton":5,"minecraft:green_carpet":2,"minecraft:iron_leggings":1,"minecraft:armadillo_scute":1,"minecraft:sand":8,"minecraft:iron_axe":1,"minecraft:iron_pickaxe":2,"minecraft:string":6,"minecraft:smooth_sandstone":6,"minecraft:stone_axe":1,"minecraft:sugar_cane":29,"minecraft:cobbled_deepslate":5,"minecraft:tuff":9,"minecraft:rotten_flesh":40,"minecraft:oak_planks":1,"minecraft:potato":4,"minecraft:shield":1,"minecraft:flower_pot":1,"minecraft:diamond_pickaxe":2,"minecraft:beetroot_seeds":1,"minecraft:oak_sapling":5,"minecraft:spider_eye":2,"minecraft:arrow":6,"minecraft:wooden_pickaxe":1,"minecraft:cartography_table":1,"minecraft:egg":3,"minecraft:terracotta":3},"minecraft:picked_up":{"minecraft:crafting_table":20,"minecraft:sandstone_slab":2,"minecraft:ominous_bottle":1,"minecraft:chicken":4,"minecraft:ladder":2,"minecraft:flower_pot":4,"minecraft:shield":1,"minecraft:string":38,"minecraft:raw_copper":33,"minecraft:iron_leggings":1,"minecraft:cartography_table":1,"minecraft:cobbled_deepslate":250,"minecraft:beef":7,"minecraft:oak_boat":3,"minecraft:poppy":24,"minecraft:iron_pickaxe":1,"minecraft:lectern":9,"minecraft:sugar_cane":134,"minecraft:chest":3,"minecraft:birch_sapling":1,"minecraft:egg":7,"minecraft:furnace":5,"minecraft:stick":137,"minecraft:raw_iron":382,"minecraft:composter":5,"minecraft:torch":10,"minecraft:acacia_log":23,"minecraft:green_bed":6,"minecraft:sandstone_wall":2,"minecraft:porkchop":14,"minecraft:cherry_log":11,"minecraft:arrow":11,"minecraft:cactus":41,"minecraft:rotten_flesh":66,"minecraft:beetroot_seeds":1,"minecraft:hay_block":65,"minecraft:armadillo_scute":2,"minecraft:obsidian":29,"minecraft:mutton":27,"minecraft:white_wool":19,"minecraft:cobblestone":254,"minecraft:birch_log":35,"minecraft:lime_bed":9,"minecraft:cooked_beef":1,"minecraft:feather":4,"minecraft:water_bucket":1,"minecraft:andesite":18,"minecraft:leather":3,"minecraft:potato":6,"minecraft:tuff":9,"minecraft:oak_log":425,"minecraft:gunpowder":2,"minecraft:lapis_lazuli":52,"minecraft:dirt":600,"minecraft:lantern":3,"minecraft:white_banner":1,"minecraft:smooth_sandstone":11,"minecraft:bone":29,"minecraft:apple":6,"minecraft:bow":1,"minecraft:wheat_seeds":62,"minecraft:raw_gold":84,"minecraft:rabbit_hide":1,"minecraft:iron_ingot":5,"minecraft:rabbit":1,"minecraft:bamboo":77,"minecraft:iron_sword":3,"minecraft:oak_planks":165,"minecraft:acacia_sapling":1,"minecraft:cooked_porkchop":7,"minecraft:dandelion":4,"minecraft:sand":134,"minecraft:ink_sac":2,"minecraft:white_bed":2,"minecraft:cyan_bed":2,"minecraft:green_carpet":2,"minecraft:spider_eye":3,"minecraft:diamond":86,"minecraft:granite":13,"minecraft:cherry_sapling":2,"minecraft:gray_wool":4,"minecraft:bread":7,"minecraft:terracotta":5,"minecraft:oak_sapling":61,"minecraft:coal":166,"minecraft:diamond_pickaxe":2},"minecraft:killed":{"minecraft:armadillo":1,"minecraft:cave_spider":1,"minecraft:witch":2,"minecraft:spider":18,"minecraft:skeleton":28,"minecraft:chicken":4,"minecraft:drowned":1,"minecraft:husk":24,"minecraft:pig":7,"minecraft:iron_golem":1,"minecraft:rabbit":1,"minecraft:creeper":4,"minecraft:squid":1,"minecraft:sheep":16,"minecraft:pillager":6,"minecraft:zombie":89,"minecraft:cow":3}},"DataVersion":3953}